CREATE TABLE "mxmodelreflection$mxobjectreference" (
	"id" BIGINT NOT NULL,
	"completename" VARCHAR_IGNORECASE(200) NULL,
	"module" VARCHAR_IGNORECASE(200) NULL,
	"name" VARCHAR_IGNORECASE(200) NULL,
	"readablename" VARCHAR_IGNORECASE(200) NULL,
	"referencetype" VARCHAR_IGNORECASE(12) NULL,
	"associationowner" VARCHAR_IGNORECASE(8) NULL,
	"parententity" VARCHAR_IGNORECASE(200) NULL,
	"createddate" TIMESTAMP NULL,
	"changeddate" TIMESTAMP NULL,
	"system$owner" BIGINT NULL,
	"system$changedby" BIGINT NULL,
	PRIMARY KEY("id"));
CREATE INDEX "idx_mxmodelreflection$mxobjectreference_system$owner" ON "mxmodelreflection$mxobjectreference" ("system$owner" ASC,"id" ASC);
CREATE INDEX "idx_mxmodelreflection$mxobjectreference_system$changedby" ON "mxmodelreflection$mxobjectreference" ("system$changedby" ASC,"id" ASC);
INSERT INTO "mendixsystem$entity" ("id", 
"entity_name", 
"table_name", 
"remote", 
"remote_primary_key")
 VALUES ('4f4960af-9b7e-424d-bb17-f25f46626376', 
'MxModelReflection.MxObjectReference', 
'mxmodelreflection$mxobjectreference', 
false, 
false);
INSERT INTO "mendixsystem$attribute" ("id", 
"entity_id", 
"attribute_name", 
"column_name", 
"type", 
"length", 
"default_value", 
"is_auto_number")
 VALUES ('550c5318-ffd9-4e82-a69f-0a84c9e0be56', 
'4f4960af-9b7e-424d-bb17-f25f46626376', 
'CompleteName', 
'completename', 
30, 
200, 
'', 
false);
INSERT INTO "mendixsystem$attribute" ("id", 
"entity_id", 
"attribute_name", 
"column_name", 
"type", 
"length", 
"default_value", 
"is_auto_number")
 VALUES ('1df94272-ec49-49bf-85ed-ef9461a7b426', 
'4f4960af-9b7e-424d-bb17-f25f46626376', 
'Module', 
'module', 
30, 
200, 
'', 
false);
INSERT INTO "mendixsystem$attribute" ("id", 
"entity_id", 
"attribute_name", 
"column_name", 
"type", 
"length", 
"default_value", 
"is_auto_number")
 VALUES ('45640d4e-4853-4645-b0f5-31ff93eb3a82', 
'4f4960af-9b7e-424d-bb17-f25f46626376', 
'Name', 
'name', 
30, 
200, 
'', 
false);
INSERT INTO "mendixsystem$attribute" ("id", 
"entity_id", 
"attribute_name", 
"column_name", 
"type", 
"length", 
"default_value", 
"is_auto_number")
 VALUES ('24cc3089-e955-4cf4-b659-2aad4036214b', 
'4f4960af-9b7e-424d-bb17-f25f46626376', 
'ReadableName', 
'readablename', 
30, 
200, 
'', 
false);
INSERT INTO "mendixsystem$attribute" ("id", 
"entity_id", 
"attribute_name", 
"column_name", 
"type", 
"length", 
"default_value", 
"is_auto_number")
 VALUES ('7ccfc2fd-e75b-4b86-9c90-a2ef30447b98', 
'4f4960af-9b7e-424d-bb17-f25f46626376', 
'ReferenceType', 
'referencetype', 
40, 
12, 
'', 
false);
INSERT INTO "mendixsystem$attribute" ("id", 
"entity_id", 
"attribute_name", 
"column_name", 
"type", 
"length", 
"default_value", 
"is_auto_number")
 VALUES ('5c988c54-a3a4-4213-8292-547d6c850fc4', 
'4f4960af-9b7e-424d-bb17-f25f46626376', 
'AssociationOwner', 
'associationowner', 
40, 
8, 
'_Default', 
false);
INSERT INTO "mendixsystem$attribute" ("id", 
"entity_id", 
"attribute_name", 
"column_name", 
"type", 
"length", 
"default_value", 
"is_auto_number")
 VALUES ('29f656bf-4a7d-4450-b993-0386496708d8', 
'4f4960af-9b7e-424d-bb17-f25f46626376', 
'ParentEntity', 
'parententity', 
30, 
200, 
'', 
false);
INSERT INTO "mendixsystem$attribute" ("id", 
"entity_id", 
"attribute_name", 
"column_name", 
"type", 
"length", 
"default_value", 
"is_auto_number")
 VALUES ('e2a66f04-9fe9-3364-95c4-39ec636008de', 
'4f4960af-9b7e-424d-bb17-f25f46626376', 
'createdDate', 
'createddate', 
20, 
0, 
'', 
false);
INSERT INTO "mendixsystem$attribute" ("id", 
"entity_id", 
"attribute_name", 
"column_name", 
"type", 
"length", 
"default_value", 
"is_auto_number")
 VALUES ('ce3286bf-9006-3f18-846f-7fb438536cad', 
'4f4960af-9b7e-424d-bb17-f25f46626376', 
'changedDate', 
'changeddate', 
20, 
0, 
'', 
false);
INSERT INTO "mendixsystem$index" ("id", 
"table_id", 
"index_name")
 VALUES ('8f269b96-5fc4-345f-be18-169b2cb15c04', 
'4f4960af-9b7e-424d-bb17-f25f46626376', 
'idx_mxmodelreflection$mxobjectreference_system$owner');
INSERT INTO "mendixsystem$index_column" ("index_id", 
"column_id", 
"sort_order", 
"ordinal")
 VALUES ('8f269b96-5fc4-345f-be18-169b2cb15c04', 
'96c5dfa8-aaf5-3394-8494-c36b67c86302', 
false, 
0);
INSERT INTO "mendixsystem$index" ("id", 
"table_id", 
"index_name")
 VALUES ('55e8e03d-039a-3754-9a1a-1184db020ddd', 
'4f4960af-9b7e-424d-bb17-f25f46626376', 
'idx_mxmodelreflection$mxobjectreference_system$changedby');
INSERT INTO "mendixsystem$index_column" ("index_id", 
"column_id", 
"sort_order", 
"ordinal")
 VALUES ('55e8e03d-039a-3754-9a1a-1184db020ddd', 
'787d98d1-4603-3779-9f06-c9080b0d543b', 
false, 
0);
INSERT INTO "mendixsystem$association" ("id", 
"association_name", 
"table_name", 
"parent_entity_id", 
"child_entity_id", 
"parent_column_name", 
"child_column_name")
 VALUES ('96c5dfa8-aaf5-3394-8494-c36b67c86302', 
'System.owner', 
'system$owner', 
'4f4960af-9b7e-424d-bb17-f25f46626376', 
'282e2e60-88a5-469d-84a5-ba8d9151644f', 
'id', 
'system$owner');
INSERT INTO "mendixsystem$association" ("id", 
"association_name", 
"table_name", 
"parent_entity_id", 
"child_entity_id", 
"parent_column_name", 
"child_column_name")
 VALUES ('787d98d1-4603-3779-9f06-c9080b0d543b', 
'System.changedBy', 
'system$changedby', 
'4f4960af-9b7e-424d-bb17-f25f46626376', 
'282e2e60-88a5-469d-84a5-ba8d9151644f', 
'id', 
'system$changedby');
CREATE TABLE "mxmodelreflection$mxobjectreference_mxobjecttype_parent" (
	"mxmodelreflection$mxobjectreferenceid" BIGINT NOT NULL,
	"mxmodelreflection$mxobjecttypeid" BIGINT NOT NULL,
	PRIMARY KEY("mxmodelreflection$mxobjectreferenceid","mxmodelreflection$mxobjecttypeid"));
CREATE INDEX "idx_mxmodelreflection$mxobjectreference_mxobjecttype_parent_mxmodelreflection$mxobjecttype_mxmodelreflection$mxobjectreference" ON "mxmodelreflection$mxobjectreference_mxobjecttype_parent" ("mxmodelreflection$mxobjecttypeid" ASC,"mxmodelreflection$mxobjectreferenceid" ASC);
INSERT INTO "mendixsystem$association" ("id", 
"association_name", 
"table_name", 
"parent_entity_id", 
"child_entity_id", 
"parent_column_name", 
"child_column_name", 
"index_name")
 VALUES ('99207d42-8f5c-4e8c-9e33-46443119afd7', 
'MxModelReflection.MxObjectReference_MxObjectType_Parent', 
'mxmodelreflection$mxobjectreference_mxobjecttype_parent', 
'4f4960af-9b7e-424d-bb17-f25f46626376', 
'72334281-4ae8-47be-82b2-48ae8a6b5778', 
'mxmodelreflection$mxobjectreferenceid', 
'mxmodelreflection$mxobjecttypeid', 
'idx_mxmodelreflection$mxobjectreference_mxobjecttype_parent_mxmodelreflection$mxobjecttype_mxmodelreflection$mxobjectreference');
CREATE TABLE "mxmodelreflection$mxobjectreference_mxobjecttype" (
	"mxmodelreflection$mxobjectreferenceid" BIGINT NOT NULL,
	"mxmodelreflection$mxobjecttypeid" BIGINT NOT NULL,
	PRIMARY KEY("mxmodelreflection$mxobjectreferenceid","mxmodelreflection$mxobjecttypeid"));
CREATE INDEX "idx_mxmodelreflection$mxobjectreference_mxobjecttype_mxmodelreflection$mxobjecttype_mxmodelreflection$mxobjectreference" ON "mxmodelreflection$mxobjectreference_mxobjecttype" ("mxmodelreflection$mxobjecttypeid" ASC,"mxmodelreflection$mxobjectreferenceid" ASC);
INSERT INTO "mendixsystem$association" ("id", 
"association_name", 
"table_name", 
"parent_entity_id", 
"child_entity_id", 
"parent_column_name", 
"child_column_name", 
"index_name")
 VALUES ('715401b5-1ef1-4d38-830b-c4c7129a7c94', 
'MxModelReflection.MxObjectReference_MxObjectType', 
'mxmodelreflection$mxobjectreference_mxobjecttype', 
'4f4960af-9b7e-424d-bb17-f25f46626376', 
'72334281-4ae8-47be-82b2-48ae8a6b5778', 
'mxmodelreflection$mxobjectreferenceid', 
'mxmodelreflection$mxobjecttypeid', 
'idx_mxmodelreflection$mxobjectreference_mxobjecttype_mxmodelreflection$mxobjecttype_mxmodelreflection$mxobjectreference');
CREATE TABLE "mxmodelreflection$mxobjectreference_module" (
	"mxmodelreflection$mxobjectreferenceid" BIGINT NOT NULL,
	"mxmodelreflection$moduleid" BIGINT NOT NULL,
	PRIMARY KEY("mxmodelreflection$mxobjectreferenceid","mxmodelreflection$moduleid"),
	CONSTRAINT "uniq_mxmodelreflection$mxobjectreference_module_mxmodelreflection$mxobjectreferenceid" UNIQUE ("mxmodelreflection$mxobjectreferenceid"));
CREATE INDEX "idx_mxmodelreflection$mxobjectreference_module_mxmodelreflection$module_mxmodelreflection$mxobjectreference" ON "mxmodelreflection$mxobjectreference_module" ("mxmodelreflection$moduleid" ASC,"mxmodelreflection$mxobjectreferenceid" ASC);
INSERT INTO "mendixsystem$association" ("id", 
"association_name", 
"table_name", 
"parent_entity_id", 
"child_entity_id", 
"parent_column_name", 
"child_column_name", 
"index_name")
 VALUES ('b2512d4b-53ff-4cf9-a601-08a7d1b6f14e', 
'MxModelReflection.MxObjectReference_Module', 
'mxmodelreflection$mxobjectreference_module', 
'4f4960af-9b7e-424d-bb17-f25f46626376', 
'8a316e43-381b-4833-943b-8e98d82718c6', 
'mxmodelreflection$mxobjectreferenceid', 
'mxmodelreflection$moduleid', 
'idx_mxmodelreflection$mxobjectreference_module_mxmodelreflection$module_mxmodelreflection$mxobjectreference');
INSERT INTO "mendixsystem$unique_constraint" ("name", 
"table_id", 
"column_id")
 VALUES ('uniq_mxmodelreflection$mxobjectreference_module_mxmodelreflection$mxobjectreferenceid', 
'b2512d4b-53ff-4cf9-a601-08a7d1b6f14e', 
'e6c326f7-9f1e-3b32-9219-0fdefc3c8849');
CREATE TABLE "mxmodelreflection$mxobjectreference_mxobjecttype_child" (
	"mxmodelreflection$mxobjectreferenceid" BIGINT NOT NULL,
	"mxmodelreflection$mxobjecttypeid" BIGINT NOT NULL,
	PRIMARY KEY("mxmodelreflection$mxobjectreferenceid","mxmodelreflection$mxobjecttypeid"));
CREATE INDEX "idx_mxmodelreflection$mxobjectreference_mxobjecttype_child_mxmodelreflection$mxobjecttype_mxmodelreflection$mxobjectreference" ON "mxmodelreflection$mxobjectreference_mxobjecttype_child" ("mxmodelreflection$mxobjecttypeid" ASC,"mxmodelreflection$mxobjectreferenceid" ASC);
INSERT INTO "mendixsystem$association" ("id", 
"association_name", 
"table_name", 
"parent_entity_id", 
"child_entity_id", 
"parent_column_name", 
"child_column_name", 
"index_name")
 VALUES ('32f69c89-2fd3-4444-9558-08520c6732a7', 
'MxModelReflection.MxObjectReference_MxObjectType_Child', 
'mxmodelreflection$mxobjectreference_mxobjecttype_child', 
'4f4960af-9b7e-424d-bb17-f25f46626376', 
'72334281-4ae8-47be-82b2-48ae8a6b5778', 
'mxmodelreflection$mxobjectreferenceid', 
'mxmodelreflection$mxobjecttypeid', 
'idx_mxmodelreflection$mxobjectreference_mxobjecttype_child_mxmodelreflection$mxobjecttype_mxmodelreflection$mxobjectreference');
CREATE TABLE "encryption$pgpcertificate" (
	"id" BIGINT NOT NULL,
	"certificatetype" VARCHAR_IGNORECASE(10) NULL,
	"passphrase_plain" VARCHAR_IGNORECASE(20) NULL,
	"passphrase_encrypted" VARCHAR_IGNORECASE(100) NULL,
	"reference" VARCHAR_IGNORECASE(100) NULL,
	"emailaddress" VARCHAR_IGNORECASE(50) NULL,
	PRIMARY KEY("id"));
INSERT INTO "mendixsystem$entity" ("id", 
"entity_name", 
"table_name", 
"superentity_id", 
"remote", 
"remote_primary_key")
 VALUES ('6dc2dcef-2ac1-40cf-8a62-e7478cfcc9eb', 
'Encryption.PGPCertificate', 
'encryption$pgpcertificate', 
'170ce49d-f29c-4fac-99a6-b55e8a3aeb39', 
false, 
false);
INSERT INTO "mendixsystem$attribute" ("id", 
"entity_id", 
"attribute_name", 
"column_name", 
"type", 
"length", 
"default_value", 
"is_auto_number")
 VALUES ('4548d880-7ec2-4db4-877e-bc96611fa5c6', 
'6dc2dcef-2ac1-40cf-8a62-e7478cfcc9eb', 
'CertificateType', 
'certificatetype', 
40, 
10, 
'', 
false);
INSERT INTO "mendixsystem$attribute" ("id", 
"entity_id", 
"attribute_name", 
"column_name", 
"type", 
"length", 
"default_value", 
"is_auto_number")
 VALUES ('b4feff51-5ea4-4e89-aa74-0965aa884df6', 
'6dc2dcef-2ac1-40cf-8a62-e7478cfcc9eb', 
'PassPhrase_Plain', 
'passphrase_plain', 
30, 
20, 
'', 
false);
INSERT INTO "mendixsystem$attribute" ("id", 
"entity_id", 
"attribute_name", 
"column_name", 
"type", 
"length", 
"default_value", 
"is_auto_number")
 VALUES ('ae6ece4f-49d0-4b5e-93f5-46d2f90c391f', 
'6dc2dcef-2ac1-40cf-8a62-e7478cfcc9eb', 
'PassPhrase_Encrypted', 
'passphrase_encrypted', 
30, 
100, 
'', 
false);
INSERT INTO "mendixsystem$attribute" ("id", 
"entity_id", 
"attribute_name", 
"column_name", 
"type", 
"length", 
"default_value", 
"is_auto_number")
 VALUES ('cd081ac3-6f7a-44fd-bd98-fc4d9b1a45cb', 
'6dc2dcef-2ac1-40cf-8a62-e7478cfcc9eb', 
'Reference', 
'reference', 
30, 
100, 
'', 
false);
INSERT INTO "mendixsystem$attribute" ("id", 
"entity_id", 
"attribute_name", 
"column_name", 
"type", 
"length", 
"default_value", 
"is_auto_number")
 VALUES ('3932d317-e10e-4f30-ac37-653630e28728', 
'6dc2dcef-2ac1-40cf-8a62-e7478cfcc9eb', 
'EmailAddress', 
'emailaddress', 
30, 
50, 
'', 
false);
CREATE TABLE "encryption$secretkey_publickey" (
	"encryption$pgpcertificateid1" BIGINT NOT NULL,
	"encryption$pgpcertificateid2" BIGINT NOT NULL,
	PRIMARY KEY("encryption$pgpcertificateid1","encryption$pgpcertificateid2"),
	CONSTRAINT "uniq_encryption$secretkey_publickey_encryption$pgpcertificateid1" UNIQUE ("encryption$pgpcertificateid1"));
CREATE INDEX "idx_encryption$secretkey_publickey_encryption$pgpcertificate_encryption$pgpcertificate" ON "encryption$secretkey_publickey" ("encryption$pgpcertificateid2" ASC,"encryption$pgpcertificateid1" ASC);
INSERT INTO "mendixsystem$association" ("id", 
"association_name", 
"table_name", 
"parent_entity_id", 
"child_entity_id", 
"parent_column_name", 
"child_column_name", 
"index_name")
 VALUES ('c4fd8038-8580-44c6-bb56-074a0fcfbfd5', 
'Encryption.SecretKey_PublicKey', 
'encryption$secretkey_publickey', 
'6dc2dcef-2ac1-40cf-8a62-e7478cfcc9eb', 
'6dc2dcef-2ac1-40cf-8a62-e7478cfcc9eb', 
'encryption$pgpcertificateid1', 
'encryption$pgpcertificateid2', 
'idx_encryption$secretkey_publickey_encryption$pgpcertificate_encryption$pgpcertificate');
INSERT INTO "mendixsystem$unique_constraint" ("name", 
"table_id", 
"column_id")
 VALUES ('uniq_encryption$secretkey_publickey_encryption$pgpcertificateid1', 
'c4fd8038-8580-44c6-bb56-074a0fcfbfd5', 
'2b413b26-0b96-3bbc-a74f-4c7e37472896');
CREATE TABLE "mxmodelreflection$valuetype" (
	"id" BIGINT NOT NULL,
	"name" VARCHAR_IGNORECASE(200) NULL,
	"typeenum" VARCHAR_IGNORECASE(11) NULL,
	"createddate" TIMESTAMP NULL,
	"changeddate" TIMESTAMP NULL,
	"system$changedby" BIGINT NULL,
	"system$owner" BIGINT NULL,
	PRIMARY KEY("id"));
CREATE INDEX "idx_mxmodelreflection$valuetype_system$changedby" ON "mxmodelreflection$valuetype" ("system$changedby" ASC,"id" ASC);
CREATE INDEX "idx_mxmodelreflection$valuetype_system$owner" ON "mxmodelreflection$valuetype" ("system$owner" ASC,"id" ASC);
INSERT INTO "mendixsystem$entity" ("id", 
"entity_name", 
"table_name", 
"remote", 
"remote_primary_key")
 VALUES ('815ca752-e066-4018-9d8c-2b481f21a9e9', 
'MxModelReflection.ValueType', 
'mxmodelreflection$valuetype', 
false, 
false);
INSERT INTO "mendixsystem$attribute" ("id", 
"entity_id", 
"attribute_name", 
"column_name", 
"type", 
"length", 
"default_value", 
"is_auto_number")
 VALUES ('f6dfa762-ce35-49d7-b4bf-df93ecde3d10', 
'815ca752-e066-4018-9d8c-2b481f21a9e9', 
'Name', 
'name', 
30, 
200, 
'', 
false);
INSERT INTO "mendixsystem$attribute" ("id", 
"entity_id", 
"attribute_name", 
"column_name", 
"type", 
"length", 
"default_value", 
"is_auto_number")
 VALUES ('ecf76e29-a6e1-4446-9152-302fd66d3e44', 
'815ca752-e066-4018-9d8c-2b481f21a9e9', 
'TypeEnum', 
'typeenum', 
40, 
11, 
'', 
false);
INSERT INTO "mendixsystem$attribute" ("id", 
"entity_id", 
"attribute_name", 
"column_name", 
"type", 
"length", 
"default_value", 
"is_auto_number")
 VALUES ('4704f0f6-d8b4-36bd-9580-9b62e5ff3f2a', 
'815ca752-e066-4018-9d8c-2b481f21a9e9', 
'createdDate', 
'createddate', 
20, 
0, 
'', 
false);
INSERT INTO "mendixsystem$attribute" ("id", 
"entity_id", 
"attribute_name", 
"column_name", 
"type", 
"length", 
"default_value", 
"is_auto_number")
 VALUES ('a705a576-e9ae-305b-bd4e-6fe98886701d', 
'815ca752-e066-4018-9d8c-2b481f21a9e9', 
'changedDate', 
'changeddate', 
20, 
0, 
'', 
false);
INSERT INTO "mendixsystem$index" ("id", 
"table_id", 
"index_name")
 VALUES ('b48ebf95-4d53-33f3-827e-45547a898a52', 
'815ca752-e066-4018-9d8c-2b481f21a9e9', 
'idx_mxmodelreflection$valuetype_system$changedby');
INSERT INTO "mendixsystem$index_column" ("index_id", 
"column_id", 
"sort_order", 
"ordinal")
 VALUES ('b48ebf95-4d53-33f3-827e-45547a898a52', 
'aabdd6c5-0665-3e8c-9dfb-4e712d516ce9', 
false, 
0);
INSERT INTO "mendixsystem$index" ("id", 
"table_id", 
"index_name")
 VALUES ('7b89c107-a6e7-37c8-8bcd-c7abed20c1bb', 
'815ca752-e066-4018-9d8c-2b481f21a9e9', 
'idx_mxmodelreflection$valuetype_system$owner');
INSERT INTO "mendixsystem$index_column" ("index_id", 
"column_id", 
"sort_order", 
"ordinal")
 VALUES ('7b89c107-a6e7-37c8-8bcd-c7abed20c1bb', 
'ee52be18-2404-3a26-9a3c-f4ef7c97d478', 
false, 
0);
INSERT INTO "mendixsystem$association" ("id", 
"association_name", 
"table_name", 
"parent_entity_id", 
"child_entity_id", 
"parent_column_name", 
"child_column_name")
 VALUES ('aabdd6c5-0665-3e8c-9dfb-4e712d516ce9', 
'System.changedBy', 
'system$changedby', 
'815ca752-e066-4018-9d8c-2b481f21a9e9', 
'282e2e60-88a5-469d-84a5-ba8d9151644f', 
'id', 
'system$changedby');
INSERT INTO "mendixsystem$association" ("id", 
"association_name", 
"table_name", 
"parent_entity_id", 
"child_entity_id", 
"parent_column_name", 
"child_column_name")
 VALUES ('ee52be18-2404-3a26-9a3c-f4ef7c97d478', 
'System.owner', 
'system$owner', 
'815ca752-e066-4018-9d8c-2b481f21a9e9', 
'282e2e60-88a5-469d-84a5-ba8d9151644f', 
'id', 
'system$owner');
CREATE TABLE "mxmodelreflection$valuetype_mxobjecttype" (
	"mxmodelreflection$valuetypeid" BIGINT NOT NULL,
	"mxmodelreflection$mxobjecttypeid" BIGINT NOT NULL,
	PRIMARY KEY("mxmodelreflection$valuetypeid","mxmodelreflection$mxobjecttypeid"),
	CONSTRAINT "uniq_mxmodelreflection$valuetype_mxobjecttype_mxmodelreflection$valuetypeid" UNIQUE ("mxmodelreflection$valuetypeid"));
CREATE INDEX "idx_mxmodelreflection$valuetype_mxobjecttype_mxmodelreflection$mxobjecttype_mxmodelreflection$valuetype" ON "mxmodelreflection$valuetype_mxobjecttype" ("mxmodelreflection$mxobjecttypeid" ASC,"mxmodelreflection$valuetypeid" ASC);
INSERT INTO "mendixsystem$association" ("id", 
"association_name", 
"table_name", 
"parent_entity_id", 
"child_entity_id", 
"parent_column_name", 
"child_column_name", 
"index_name")
 VALUES ('b79e1df9-e674-416b-9516-a7f3ddd08f12', 
'MxModelReflection.ValueType_MxObjectType', 
'mxmodelreflection$valuetype_mxobjecttype', 
'815ca752-e066-4018-9d8c-2b481f21a9e9', 
'72334281-4ae8-47be-82b2-48ae8a6b5778', 
'mxmodelreflection$valuetypeid', 
'mxmodelreflection$mxobjecttypeid', 
'idx_mxmodelreflection$valuetype_mxobjecttype_mxmodelreflection$mxobjecttype_mxmodelreflection$valuetype');
INSERT INTO "mendixsystem$unique_constraint" ("name", 
"table_id", 
"column_id")
 VALUES ('uniq_mxmodelreflection$valuetype_mxobjecttype_mxmodelreflection$valuetypeid', 
'b79e1df9-e674-416b-9516-a7f3ddd08f12', 
'6a737f06-d9a1-39c8-a79a-3323350cbf3d');
CREATE TABLE "emailtemplate$modulesetup" (
	"id" BIGINT NOT NULL,
	"completed" BOOLEAN NULL,
	"nroftemplates" INT NULL,
	"sentsuccessful" BOOLEAN NULL,
	PRIMARY KEY("id"));
INSERT INTO "mendixsystem$entity" ("id", 
"entity_name", 
"table_name", 
"remote", 
"remote_primary_key")
 VALUES ('b2b55cc5-adf1-4ed8-9d31-0c7ebdef07d1', 
'EmailTemplate.ModuleSetup', 
'emailtemplate$modulesetup', 
false, 
false);
INSERT INTO "mendixsystem$attribute" ("id", 
"entity_id", 
"attribute_name", 
"column_name", 
"type", 
"length", 
"default_value", 
"is_auto_number")
 VALUES ('2351517d-cc4c-4ece-a6ad-05c40291a8f1', 
'b2b55cc5-adf1-4ed8-9d31-0c7ebdef07d1', 
'Completed', 
'completed', 
10, 
0, 
'true', 
false);
INSERT INTO "mendixsystem$attribute" ("id", 
"entity_id", 
"attribute_name", 
"column_name", 
"type", 
"length", 
"default_value", 
"is_auto_number")
 VALUES ('2403a769-c10c-4ed3-a6c3-622d2fe23e0e', 
'b2b55cc5-adf1-4ed8-9d31-0c7ebdef07d1', 
'NrOfTemplates', 
'nroftemplates', 
3, 
0, 
'0', 
false);
INSERT INTO "mendixsystem$attribute" ("id", 
"entity_id", 
"attribute_name", 
"column_name", 
"type", 
"length", 
"default_value", 
"is_auto_number")
 VALUES ('86e53961-3c3d-414f-8956-10b16499236b', 
'b2b55cc5-adf1-4ed8-9d31-0c7ebdef07d1', 
'SentSuccessful', 
'sentsuccessful', 
10, 
0, 
'false', 
false);
CREATE TABLE "emailtemplate$modulesetup_emailsettings" (
	"emailtemplate$modulesetupid" BIGINT NOT NULL,
	"emailtemplate$emailsettingsid" BIGINT NOT NULL,
	PRIMARY KEY("emailtemplate$modulesetupid","emailtemplate$emailsettingsid"),
	CONSTRAINT "uniq_emailtemplate$modulesetup_emailsettings_emailtemplate$modulesetupid" UNIQUE ("emailtemplate$modulesetupid"));
CREATE INDEX "idx_emailtemplate$modulesetup_emailsettings_emailtemplate$emailsettings_emailtemplate$modulesetup" ON "emailtemplate$modulesetup_emailsettings" ("emailtemplate$emailsettingsid" ASC,"emailtemplate$modulesetupid" ASC);
INSERT INTO "mendixsystem$association" ("id", 
"association_name", 
"table_name", 
"parent_entity_id", 
"child_entity_id", 
"parent_column_name", 
"child_column_name", 
"index_name")
 VALUES ('882a1ed2-0ce8-45d7-87e2-0431d25c6724', 
'EmailTemplate.ModuleSetup_EmailSettings', 
'emailtemplate$modulesetup_emailsettings', 
'b2b55cc5-adf1-4ed8-9d31-0c7ebdef07d1', 
'e12b810d-cdb6-46cb-a0ff-7672bfd0c5b3', 
'emailtemplate$modulesetupid', 
'emailtemplate$emailsettingsid', 
'idx_emailtemplate$modulesetup_emailsettings_emailtemplate$emailsettings_emailtemplate$modulesetup');
INSERT INTO "mendixsystem$unique_constraint" ("name", 
"table_id", 
"column_id")
 VALUES ('uniq_emailtemplate$modulesetup_emailsettings_emailtemplate$modulesetupid', 
'882a1ed2-0ce8-45d7-87e2-0431d25c6724', 
'43373ce6-d07f-3556-a261-5f03721f1698');
CREATE TABLE "emailtemplate$email" (
	"id" BIGINT NOT NULL,
	"to" VARCHAR_IGNORECASE(2147483647) NULL,
	"from" VARCHAR_IGNORECASE(200) NULL,
	"fromdisplayname" VARCHAR_IGNORECASE(500) NULL,
	"replyto" VARCHAR_IGNORECASE(200) NULL,
	"cc" VARCHAR_IGNORECASE(2147483647) NULL,
	"bcc" VARCHAR_IGNORECASE(2147483647) NULL,
	"subject" VARCHAR_IGNORECASE(250) NULL,
	"date" TIMESTAMP NULL,
	"useonlyplaintext" BOOLEAN NULL,
	"htmlbody" VARCHAR_IGNORECASE(2147483647) NULL,
	"plainbody" VARCHAR_IGNORECASE(2147483647) NULL,
	"queued" BOOLEAN NULL,
	"attempts" INT NULL,
	"datesent" TIMESTAMP NULL,
	"lasterror" VARCHAR_IGNORECASE(2147483647) NULL,
	"lastattempt" TIMESTAMP NULL,
	"status" VARCHAR_IGNORECASE(6) NULL,
	PRIMARY KEY("id"));
CREATE INDEX "idx_emailtemplate$email_queued_asc_status_asc_lastattempt_asc" ON "emailtemplate$email" ("queued" ASC,"status" ASC,"lastattempt" ASC,"id" ASC);
CREATE INDEX "idx_emailtemplate$email_datesent_asc" ON "emailtemplate$email" ("datesent" ASC,"id" ASC);
CREATE INDEX "idx_emailtemplate$email_lastattempt_asc_queued_asc" ON "emailtemplate$email" ("lastattempt" ASC,"queued" ASC,"id" ASC);
INSERT INTO "mendixsystem$entity" ("id", 
"entity_name", 
"table_name", 
"remote", 
"remote_primary_key")
 VALUES ('42722a60-a219-4441-bdc5-8e3dc543e352', 
'EmailTemplate.Email', 
'emailtemplate$email', 
false, 
false);
INSERT INTO "mendixsystem$attribute" ("id", 
"entity_id", 
"attribute_name", 
"column_name", 
"type", 
"length", 
"default_value", 
"is_auto_number")
 VALUES ('8056b960-f785-47da-9608-7d0333376b54', 
'42722a60-a219-4441-bdc5-8e3dc543e352', 
'To', 
'to', 
30, 
0, 
'', 
false);
INSERT INTO "mendixsystem$attribute" ("id", 
"entity_id", 
"attribute_name", 
"column_name", 
"type", 
"length", 
"default_value", 
"is_auto_number")
 VALUES ('a4a02459-c79f-4a5a-b09f-b28bc74bcf21', 
'42722a60-a219-4441-bdc5-8e3dc543e352', 
'From', 
'from', 
30, 
200, 
'', 
false);
INSERT INTO "mendixsystem$attribute" ("id", 
"entity_id", 
"attribute_name", 
"column_name", 
"type", 
"length", 
"default_value", 
"is_auto_number")
 VALUES ('7374d7a5-1efb-48aa-8fb9-79fed6fe34cc', 
'42722a60-a219-4441-bdc5-8e3dc543e352', 
'FromDisplayName', 
'fromdisplayname', 
30, 
500, 
'', 
false);
INSERT INTO "mendixsystem$attribute" ("id", 
"entity_id", 
"attribute_name", 
"column_name", 
"type", 
"length", 
"default_value", 
"is_auto_number")
 VALUES ('f9fc8556-1a27-4a91-91b6-3d203f3a59bd', 
'42722a60-a219-4441-bdc5-8e3dc543e352', 
'ReplyTo', 
'replyto', 
30, 
200, 
'', 
false);
INSERT INTO "mendixsystem$attribute" ("id", 
"entity_id", 
"attribute_name", 
"column_name", 
"type", 
"length", 
"default_value", 
"is_auto_number")
 VALUES ('2aa13181-f7b6-4570-b81c-b64f4946db22', 
'42722a60-a219-4441-bdc5-8e3dc543e352', 
'CC', 
'cc', 
30, 
0, 
'', 
false);
INSERT INTO "mendixsystem$attribute" ("id", 
"entity_id", 
"attribute_name", 
"column_name", 
"type", 
"length", 
"default_value", 
"is_auto_number")
 VALUES ('cdc2c023-9099-425d-9dc4-e5268f3af61a', 
'42722a60-a219-4441-bdc5-8e3dc543e352', 
'BCC', 
'bcc', 
30, 
0, 
'', 
false);
INSERT INTO "mendixsystem$attribute" ("id", 
"entity_id", 
"attribute_name", 
"column_name", 
"type", 
"length", 
"default_value", 
"is_auto_number")
 VALUES ('72cf21fc-28c4-4ce9-8d60-d65e384f0883', 
'42722a60-a219-4441-bdc5-8e3dc543e352', 
'Subject', 
'subject', 
30, 
250, 
'', 
false);
INSERT INTO "mendixsystem$attribute" ("id", 
"entity_id", 
"attribute_name", 
"column_name", 
"type", 
"length", 
"default_value", 
"is_auto_number")
 VALUES ('45b60e12-808f-4826-ac2c-33dfd2904e94', 
'42722a60-a219-4441-bdc5-8e3dc543e352', 
'Date', 
'date', 
20, 
0, 
'', 
false);
INSERT INTO "mendixsystem$attribute" ("id", 
"entity_id", 
"attribute_name", 
"column_name", 
"type", 
"length", 
"default_value", 
"is_auto_number")
 VALUES ('a2d50b10-f935-44fe-9f2a-0dbf0a7f1650', 
'42722a60-a219-4441-bdc5-8e3dc543e352', 
'UseOnlyPlainText', 
'useonlyplaintext', 
10, 
0, 
'false', 
false);
INSERT INTO "mendixsystem$attribute" ("id", 
"entity_id", 
"attribute_name", 
"column_name", 
"type", 
"length", 
"default_value", 
"is_auto_number")
 VALUES ('dfa45571-81ed-436f-8168-8e0c40c3c77d', 
'42722a60-a219-4441-bdc5-8e3dc543e352', 
'HtmlBody', 
'htmlbody', 
30, 
0, 
'', 
false);
INSERT INTO "mendixsystem$attribute" ("id", 
"entity_id", 
"attribute_name", 
"column_name", 
"type", 
"length", 
"default_value", 
"is_auto_number")
 VALUES ('9669cf77-322c-42f7-9495-6c3697a888c6', 
'42722a60-a219-4441-bdc5-8e3dc543e352', 
'PlainBody', 
'plainbody', 
30, 
0, 
'', 
false);
INSERT INTO "mendixsystem$attribute" ("id", 
"entity_id", 
"attribute_name", 
"column_name", 
"type", 
"length", 
"default_value", 
"is_auto_number")
 VALUES ('97fa7f71-0ff6-4e8a-8372-875ca733cc07', 
'42722a60-a219-4441-bdc5-8e3dc543e352', 
'Queued', 
'queued', 
10, 
0, 
'false', 
false);
INSERT INTO "mendixsystem$attribute" ("id", 
"entity_id", 
"attribute_name", 
"column_name", 
"type", 
"length", 
"default_value", 
"is_auto_number")
 VALUES ('1f5ed337-3c43-4002-8939-f22e9cf81ee6', 
'42722a60-a219-4441-bdc5-8e3dc543e352', 
'Attempts', 
'attempts', 
3, 
0, 
'0', 
false);
INSERT INTO "mendixsystem$attribute" ("id", 
"entity_id", 
"attribute_name", 
"column_name", 
"type", 
"length", 
"default_value", 
"is_auto_number")
 VALUES ('e198bae6-5f8a-49d2-85bd-ed6d3cbdff23', 
'42722a60-a219-4441-bdc5-8e3dc543e352', 
'DateSent', 
'datesent', 
20, 
0, 
'', 
false);
INSERT INTO "mendixsystem$attribute" ("id", 
"entity_id", 
"attribute_name", 
"column_name", 
"type", 
"length", 
"default_value", 
"is_auto_number")
 VALUES ('51f2cdf8-f7ec-468b-9f9e-eba921917581', 
'42722a60-a219-4441-bdc5-8e3dc543e352', 
'LastError', 
'lasterror', 
30, 
0, 
'', 
false);
INSERT INTO "mendixsystem$attribute" ("id", 
"entity_id", 
"attribute_name", 
"column_name", 
"type", 
"length", 
"default_value", 
"is_auto_number")
 VALUES ('682d0740-a76d-4f09-b553-d2abf43e397b', 
'42722a60-a219-4441-bdc5-8e3dc543e352', 
'LastAttempt', 
'lastattempt', 
20, 
0, 
'', 
false);
INSERT INTO "mendixsystem$attribute" ("id", 
"entity_id", 
"attribute_name", 
"column_name", 
"type", 
"length", 
"default_value", 
"is_auto_number")
 VALUES ('e1f3799e-4184-496c-8e0f-7980ed913fcf', 
'42722a60-a219-4441-bdc5-8e3dc543e352', 
'Status', 
'status', 
40, 
6, 
'', 
false);
INSERT INTO "mendixsystem$index" ("id", 
"table_id", 
"index_name")
 VALUES ('56dd099c-d302-443e-bbba-cb2dfa19a886', 
'42722a60-a219-4441-bdc5-8e3dc543e352', 
'idx_emailtemplate$email_queued_asc_status_asc_lastattempt_asc');
INSERT INTO "mendixsystem$index_column" ("index_id", 
"column_id", 
"sort_order", 
"ordinal")
 VALUES ('56dd099c-d302-443e-bbba-cb2dfa19a886', 
'97fa7f71-0ff6-4e8a-8372-875ca733cc07', 
false, 
0);
INSERT INTO "mendixsystem$index_column" ("index_id", 
"column_id", 
"sort_order", 
"ordinal")
 VALUES ('56dd099c-d302-443e-bbba-cb2dfa19a886', 
'e1f3799e-4184-496c-8e0f-7980ed913fcf', 
false, 
1);
INSERT INTO "mendixsystem$index_column" ("index_id", 
"column_id", 
"sort_order", 
"ordinal")
 VALUES ('56dd099c-d302-443e-bbba-cb2dfa19a886', 
'682d0740-a76d-4f09-b553-d2abf43e397b', 
false, 
2);
INSERT INTO "mendixsystem$index" ("id", 
"table_id", 
"index_name")
 VALUES ('ad0eee39-4d12-4c2b-aac9-cff89813364b', 
'42722a60-a219-4441-bdc5-8e3dc543e352', 
'idx_emailtemplate$email_datesent_asc');
INSERT INTO "mendixsystem$index_column" ("index_id", 
"column_id", 
"sort_order", 
"ordinal")
 VALUES ('ad0eee39-4d12-4c2b-aac9-cff89813364b', 
'e198bae6-5f8a-49d2-85bd-ed6d3cbdff23', 
false, 
0);
INSERT INTO "mendixsystem$index" ("id", 
"table_id", 
"index_name")
 VALUES ('aea44f0c-f1b0-4011-82e7-9700d8d9a4a4', 
'42722a60-a219-4441-bdc5-8e3dc543e352', 
'idx_emailtemplate$email_lastattempt_asc_queued_asc');
INSERT INTO "mendixsystem$index_column" ("index_id", 
"column_id", 
"sort_order", 
"ordinal")
 VALUES ('aea44f0c-f1b0-4011-82e7-9700d8d9a4a4', 
'682d0740-a76d-4f09-b553-d2abf43e397b', 
false, 
0);
INSERT INTO "mendixsystem$index_column" ("index_id", 
"column_id", 
"sort_order", 
"ordinal")
 VALUES ('aea44f0c-f1b0-4011-82e7-9700d8d9a4a4', 
'97fa7f71-0ff6-4e8a-8372-875ca733cc07', 
false, 
1);
CREATE TABLE "emailtemplate$email_emailtemplate" (
	"emailtemplate$emailid" BIGINT NOT NULL,
	"emailtemplate$emailtemplateid" BIGINT NOT NULL,
	PRIMARY KEY("emailtemplate$emailid","emailtemplate$emailtemplateid"),
	CONSTRAINT "uniq_emailtemplate$email_emailtemplate_emailtemplate$emailid" UNIQUE ("emailtemplate$emailid"));
CREATE INDEX "idx_emailtemplate$email_emailtemplate_emailtemplate$emailtemplate_emailtemplate$email" ON "emailtemplate$email_emailtemplate" ("emailtemplate$emailtemplateid" ASC,"emailtemplate$emailid" ASC);
INSERT INTO "mendixsystem$association" ("id", 
"association_name", 
"table_name", 
"parent_entity_id", 
"child_entity_id", 
"parent_column_name", 
"child_column_name", 
"index_name")
 VALUES ('bb7794a0-cb8c-40c4-9383-020bca1d7a3c', 
'EmailTemplate.Email_EmailTemplate', 
'emailtemplate$email_emailtemplate', 
'42722a60-a219-4441-bdc5-8e3dc543e352', 
'bd48fee3-bacd-4423-9a73-1a92ccddda16', 
'emailtemplate$emailid', 
'emailtemplate$emailtemplateid', 
'idx_emailtemplate$email_emailtemplate_emailtemplate$emailtemplate_emailtemplate$email');
INSERT INTO "mendixsystem$unique_constraint" ("name", 
"table_id", 
"column_id")
 VALUES ('uniq_emailtemplate$email_emailtemplate_emailtemplate$emailid', 
'bb7794a0-cb8c-40c4-9383-020bca1d7a3c', 
'b7594a22-5191-33cd-a713-52d41540157b');
CREATE TABLE "mxmodelreflection$microflows" (
	"id" BIGINT NOT NULL,
	"name" VARCHAR_IGNORECASE(200) NULL,
	"module" VARCHAR_IGNORECASE(200) NULL,
	"completename" VARCHAR_IGNORECASE(200) NULL,
	"createddate" TIMESTAMP NULL,
	"changeddate" TIMESTAMP NULL,
	"system$changedby" BIGINT NULL,
	"system$owner" BIGINT NULL,
	PRIMARY KEY("id"));
CREATE INDEX "idx_mxmodelreflection$microflows_system$changedby" ON "mxmodelreflection$microflows" ("system$changedby" ASC,"id" ASC);
CREATE INDEX "idx_mxmodelreflection$microflows_system$owner" ON "mxmodelreflection$microflows" ("system$owner" ASC,"id" ASC);
INSERT INTO "mendixsystem$entity" ("id", 
"entity_name", 
"table_name", 
"remote", 
"remote_primary_key")
 VALUES ('5ae44900-b6dd-4194-a8b4-ec65879917e1', 
'MxModelReflection.Microflows', 
'mxmodelreflection$microflows', 
false, 
false);
INSERT INTO "mendixsystem$attribute" ("id", 
"entity_id", 
"attribute_name", 
"column_name", 
"type", 
"length", 
"default_value", 
"is_auto_number")
 VALUES ('7f61a1cd-4e08-4704-bfe4-61c4dc3e3f78', 
'5ae44900-b6dd-4194-a8b4-ec65879917e1', 
'Name', 
'name', 
30, 
200, 
'', 
false);
INSERT INTO "mendixsystem$attribute" ("id", 
"entity_id", 
"attribute_name", 
"column_name", 
"type", 
"length", 
"default_value", 
"is_auto_number")
 VALUES ('66eae159-9bf3-4e06-a8d5-d74fd9150368', 
'5ae44900-b6dd-4194-a8b4-ec65879917e1', 
'Module', 
'module', 
30, 
200, 
'', 
false);
INSERT INTO "mendixsystem$attribute" ("id", 
"entity_id", 
"attribute_name", 
"column_name", 
"type", 
"length", 
"default_value", 
"is_auto_number")
 VALUES ('ef8e1673-dacd-49c8-ad0d-c0d3aca69959', 
'5ae44900-b6dd-4194-a8b4-ec65879917e1', 
'CompleteName', 
'completename', 
30, 
200, 
'', 
false);
INSERT INTO "mendixsystem$attribute" ("id", 
"entity_id", 
"attribute_name", 
"column_name", 
"type", 
"length", 
"default_value", 
"is_auto_number")
 VALUES ('8d2ba9ec-105c-3e7f-a451-273ce8bcb6c8', 
'5ae44900-b6dd-4194-a8b4-ec65879917e1', 
'createdDate', 
'createddate', 
20, 
0, 
'', 
false);
INSERT INTO "mendixsystem$attribute" ("id", 
"entity_id", 
"attribute_name", 
"column_name", 
"type", 
"length", 
"default_value", 
"is_auto_number")
 VALUES ('698890c0-4053-38e2-a9d0-9414acbcfe90', 
'5ae44900-b6dd-4194-a8b4-ec65879917e1', 
'changedDate', 
'changeddate', 
20, 
0, 
'', 
false);
INSERT INTO "mendixsystem$index" ("id", 
"table_id", 
"index_name")
 VALUES ('883d6766-504c-30b1-9b4b-c2f736cb13dc', 
'5ae44900-b6dd-4194-a8b4-ec65879917e1', 
'idx_mxmodelreflection$microflows_system$changedby');
INSERT INTO "mendixsystem$index_column" ("index_id", 
"column_id", 
"sort_order", 
"ordinal")
 VALUES ('883d6766-504c-30b1-9b4b-c2f736cb13dc', 
'eb40b8de-85b7-3c7f-88f2-027c9c03d7ec', 
false, 
0);
INSERT INTO "mendixsystem$index" ("id", 
"table_id", 
"index_name")
 VALUES ('4499eea4-1362-31ca-b926-314828d669b6', 
'5ae44900-b6dd-4194-a8b4-ec65879917e1', 
'idx_mxmodelreflection$microflows_system$owner');
INSERT INTO "mendixsystem$index_column" ("index_id", 
"column_id", 
"sort_order", 
"ordinal")
 VALUES ('4499eea4-1362-31ca-b926-314828d669b6', 
'6a13667a-14ae-319d-a2c9-862932800891', 
false, 
0);
INSERT INTO "mendixsystem$association" ("id", 
"association_name", 
"table_name", 
"parent_entity_id", 
"child_entity_id", 
"parent_column_name", 
"child_column_name")
 VALUES ('eb40b8de-85b7-3c7f-88f2-027c9c03d7ec', 
'System.changedBy', 
'system$changedby', 
'5ae44900-b6dd-4194-a8b4-ec65879917e1', 
'282e2e60-88a5-469d-84a5-ba8d9151644f', 
'id', 
'system$changedby');
INSERT INTO "mendixsystem$association" ("id", 
"association_name", 
"table_name", 
"parent_entity_id", 
"child_entity_id", 
"parent_column_name", 
"child_column_name")
 VALUES ('6a13667a-14ae-319d-a2c9-862932800891', 
'System.owner', 
'system$owner', 
'5ae44900-b6dd-4194-a8b4-ec65879917e1', 
'282e2e60-88a5-469d-84a5-ba8d9151644f', 
'id', 
'system$owner');
CREATE TABLE "mxmodelreflection$microflows_output_type" (
	"mxmodelreflection$microflowsid" BIGINT NOT NULL,
	"mxmodelreflection$valuetypeid" BIGINT NOT NULL,
	PRIMARY KEY("mxmodelreflection$microflowsid","mxmodelreflection$valuetypeid"),
	CONSTRAINT "uniq_mxmodelreflection$microflows_output_type_mxmodelreflection$microflowsid" UNIQUE ("mxmodelreflection$microflowsid"));
CREATE INDEX "idx_mxmodelreflection$microflows_output_type_mxmodelreflection$valuetype_mxmodelreflection$microflows" ON "mxmodelreflection$microflows_output_type" ("mxmodelreflection$valuetypeid" ASC,"mxmodelreflection$microflowsid" ASC);
INSERT INTO "mendixsystem$association" ("id", 
"association_name", 
"table_name", 
"parent_entity_id", 
"child_entity_id", 
"parent_column_name", 
"child_column_name", 
"index_name")
 VALUES ('3dae500b-9dbd-4734-bcb3-beb20ab4a7bf', 
'MxModelReflection.Microflows_Output_Type', 
'mxmodelreflection$microflows_output_type', 
'5ae44900-b6dd-4194-a8b4-ec65879917e1', 
'815ca752-e066-4018-9d8c-2b481f21a9e9', 
'mxmodelreflection$microflowsid', 
'mxmodelreflection$valuetypeid', 
'idx_mxmodelreflection$microflows_output_type_mxmodelreflection$valuetype_mxmodelreflection$microflows');
INSERT INTO "mendixsystem$unique_constraint" ("name", 
"table_id", 
"column_id")
 VALUES ('uniq_mxmodelreflection$microflows_output_type_mxmodelreflection$microflowsid', 
'3dae500b-9dbd-4734-bcb3-beb20ab4a7bf', 
'b1d664c0-781f-3559-871c-d09623759936');
CREATE TABLE "mxmodelreflection$microflows_module" (
	"mxmodelreflection$microflowsid" BIGINT NOT NULL,
	"mxmodelreflection$moduleid" BIGINT NOT NULL,
	PRIMARY KEY("mxmodelreflection$microflowsid","mxmodelreflection$moduleid"),
	CONSTRAINT "uniq_mxmodelreflection$microflows_module_mxmodelreflection$microflowsid" UNIQUE ("mxmodelreflection$microflowsid"));
CREATE INDEX "idx_mxmodelreflection$microflows_module_mxmodelreflection$module_mxmodelreflection$microflows" ON "mxmodelreflection$microflows_module" ("mxmodelreflection$moduleid" ASC,"mxmodelreflection$microflowsid" ASC);
INSERT INTO "mendixsystem$association" ("id", 
"association_name", 
"table_name", 
"parent_entity_id", 
"child_entity_id", 
"parent_column_name", 
"child_column_name", 
"index_name")
 VALUES ('e6d98c46-6a8c-4e36-8607-28def5324ac5', 
'MxModelReflection.Microflows_Module', 
'mxmodelreflection$microflows_module', 
'5ae44900-b6dd-4194-a8b4-ec65879917e1', 
'8a316e43-381b-4833-943b-8e98d82718c6', 
'mxmodelreflection$microflowsid', 
'mxmodelreflection$moduleid', 
'idx_mxmodelreflection$microflows_module_mxmodelreflection$module_mxmodelreflection$microflows');
INSERT INTO "mendixsystem$unique_constraint" ("name", 
"table_id", 
"column_id")
 VALUES ('uniq_mxmodelreflection$microflows_module_mxmodelreflection$microflowsid', 
'e6d98c46-6a8c-4e36-8607-28def5324ac5', 
'ef7f9975-1826-3216-903e-3d0e9374f346');
CREATE TABLE "mxmodelreflection$microflows_inputparameter" (
	"mxmodelreflection$microflowsid" BIGINT NOT NULL,
	"mxmodelreflection$parameterid" BIGINT NOT NULL,
	PRIMARY KEY("mxmodelreflection$microflowsid","mxmodelreflection$parameterid"));
CREATE INDEX "idx_mxmodelreflection$microflows_inputparameter_mxmodelreflection$parameter_mxmodelreflection$microflows" ON "mxmodelreflection$microflows_inputparameter" ("mxmodelreflection$parameterid" ASC,"mxmodelreflection$microflowsid" ASC);
INSERT INTO "mendixsystem$association" ("id", 
"association_name", 
"table_name", 
"parent_entity_id", 
"child_entity_id", 
"parent_column_name", 
"child_column_name", 
"index_name")
 VALUES ('7f385c3a-6c93-43ce-8106-784a76e9c49a', 
'MxModelReflection.Microflows_InputParameter', 
'mxmodelreflection$microflows_inputparameter', 
'5ae44900-b6dd-4194-a8b4-ec65879917e1', 
'cd78acb5-ec06-400c-8556-9247f8d0a28b', 
'mxmodelreflection$microflowsid', 
'mxmodelreflection$parameterid', 
'idx_mxmodelreflection$microflows_inputparameter_mxmodelreflection$parameter_mxmodelreflection$microflows');
CREATE TABLE "mxmodelreflection$mxobjectenum" (
	"id" BIGINT NOT NULL,
	PRIMARY KEY("id"));
INSERT INTO "mendixsystem$entity" ("id", 
"entity_name", 
"table_name", 
"superentity_id", 
"remote", 
"remote_primary_key")
 VALUES ('69ba7ede-0a14-40b8-b232-f499164dd7eb', 
'MxModelReflection.MxObjectEnum', 
'mxmodelreflection$mxobjectenum', 
'5456b75f-8f00-4b07-a417-75fdaa8a4a13', 
false, 
false);
CREATE TABLE "mxmodelreflection$values" (
	"mxmodelreflection$mxobjectenumid" BIGINT NOT NULL,
	"mxmodelreflection$mxobjectenumvalueid" BIGINT NOT NULL,
	PRIMARY KEY("mxmodelreflection$mxobjectenumid","mxmodelreflection$mxobjectenumvalueid"));
CREATE INDEX "idx_mxmodelreflection$values_mxmodelreflection$mxobjectenumvalue_mxmodelreflection$mxobjectenum" ON "mxmodelreflection$values" ("mxmodelreflection$mxobjectenumvalueid" ASC,"mxmodelreflection$mxobjectenumid" ASC);
INSERT INTO "mendixsystem$association" ("id", 
"association_name", 
"table_name", 
"parent_entity_id", 
"child_entity_id", 
"parent_column_name", 
"child_column_name", 
"index_name")
 VALUES ('82f27f30-bc68-4bc1-acc0-9dd5d9ec3881', 
'MxModelReflection.Values', 
'mxmodelreflection$values', 
'69ba7ede-0a14-40b8-b232-f499164dd7eb', 
'f8d8920f-f8b5-4eb2-ad9a-33cae8a0bb0a', 
'mxmodelreflection$mxobjectenumid', 
'mxmodelreflection$mxobjectenumvalueid', 
'idx_mxmodelreflection$values_mxmodelreflection$mxobjectenumvalue_mxmodelreflection$mxobjectenum');
CREATE TABLE "encryption$exampleconfiguration" (
	"id" BIGINT NOT NULL,
	"title" VARCHAR_IGNORECASE(200) NULL,
	"username" VARCHAR_IGNORECASE(200) NULL,
	"password" VARCHAR_IGNORECASE(200) NULL,
	"createddate" TIMESTAMP NULL,
	PRIMARY KEY("id"));
INSERT INTO "mendixsystem$entity" ("id", 
"entity_name", 
"table_name", 
"remote", 
"remote_primary_key")
 VALUES ('9c5b21d3-55f8-45fb-8cea-2e73c672cdc3', 
'Encryption.ExampleConfiguration', 
'encryption$exampleconfiguration', 
false, 
false);
INSERT INTO "mendixsystem$attribute" ("id", 
"entity_id", 
"attribute_name", 
"column_name", 
"type", 
"length", 
"default_value", 
"is_auto_number")
 VALUES ('f2f1629a-f38f-4ccb-92f7-7e197982ab71', 
'9c5b21d3-55f8-45fb-8cea-2e73c672cdc3', 
'Title', 
'title', 
30, 
200, 
'', 
false);
INSERT INTO "mendixsystem$attribute" ("id", 
"entity_id", 
"attribute_name", 
"column_name", 
"type", 
"length", 
"default_value", 
"is_auto_number")
 VALUES ('441c9ef9-51fb-42b7-a941-c6b6f2bb8c32', 
'9c5b21d3-55f8-45fb-8cea-2e73c672cdc3', 
'Username', 
'username', 
30, 
200, 
'', 
false);
INSERT INTO "mendixsystem$attribute" ("id", 
"entity_id", 
"attribute_name", 
"column_name", 
"type", 
"length", 
"default_value", 
"is_auto_number")
 VALUES ('5f3da944-1b43-4bb2-aa90-419ca2fa5f8b', 
'9c5b21d3-55f8-45fb-8cea-2e73c672cdc3', 
'Password', 
'password', 
30, 
200, 
'', 
false);
INSERT INTO "mendixsystem$attribute" ("id", 
"entity_id", 
"attribute_name", 
"column_name", 
"type", 
"length", 
"default_value", 
"is_auto_number")
 VALUES ('50830c15-b2fa-376f-9b85-dc88ee0a02ab', 
'9c5b21d3-55f8-45fb-8cea-2e73c672cdc3', 
'createdDate', 
'createddate', 
20, 
0, 
'', 
false);
CREATE TABLE "mxmodelreflection$mxobjectenumvalue" (
	"id" BIGINT NOT NULL,
	"name" VARCHAR_IGNORECASE(200) NULL,
	"createddate" TIMESTAMP NULL,
	"changeddate" TIMESTAMP NULL,
	"system$owner" BIGINT NULL,
	"system$changedby" BIGINT NULL,
	PRIMARY KEY("id"));
CREATE INDEX "idx_mxmodelreflection$mxobjectenumvalue_system$owner" ON "mxmodelreflection$mxobjectenumvalue" ("system$owner" ASC,"id" ASC);
CREATE INDEX "idx_mxmodelreflection$mxobjectenumvalue_system$changedby" ON "mxmodelreflection$mxobjectenumvalue" ("system$changedby" ASC,"id" ASC);
INSERT INTO "mendixsystem$entity" ("id", 
"entity_name", 
"table_name", 
"remote", 
"remote_primary_key")
 VALUES ('f8d8920f-f8b5-4eb2-ad9a-33cae8a0bb0a', 
'MxModelReflection.MxObjectEnumValue', 
'mxmodelreflection$mxobjectenumvalue', 
false, 
false);
INSERT INTO "mendixsystem$attribute" ("id", 
"entity_id", 
"attribute_name", 
"column_name", 
"type", 
"length", 
"default_value", 
"is_auto_number")
 VALUES ('f63687d1-0441-4bcb-b0b7-2648e70d8d2d', 
'f8d8920f-f8b5-4eb2-ad9a-33cae8a0bb0a', 
'Name', 
'name', 
30, 
200, 
'', 
false);
INSERT INTO "mendixsystem$attribute" ("id", 
"entity_id", 
"attribute_name", 
"column_name", 
"type", 
"length", 
"default_value", 
"is_auto_number")
 VALUES ('81b97bda-d92e-3297-be2a-d02f4c0de9a3', 
'f8d8920f-f8b5-4eb2-ad9a-33cae8a0bb0a', 
'createdDate', 
'createddate', 
20, 
0, 
'', 
false);
INSERT INTO "mendixsystem$attribute" ("id", 
"entity_id", 
"attribute_name", 
"column_name", 
"type", 
"length", 
"default_value", 
"is_auto_number")
 VALUES ('ce929529-31cd-3a6a-b98c-07b552eeb3e1', 
'f8d8920f-f8b5-4eb2-ad9a-33cae8a0bb0a', 
'changedDate', 
'changeddate', 
20, 
0, 
'', 
false);
INSERT INTO "mendixsystem$index" ("id", 
"table_id", 
"index_name")
 VALUES ('a0ef043f-786b-3e2b-9020-7c6d0b89c04b', 
'f8d8920f-f8b5-4eb2-ad9a-33cae8a0bb0a', 
'idx_mxmodelreflection$mxobjectenumvalue_system$owner');
INSERT INTO "mendixsystem$index_column" ("index_id", 
"column_id", 
"sort_order", 
"ordinal")
 VALUES ('a0ef043f-786b-3e2b-9020-7c6d0b89c04b', 
'5ea7cfaf-4ccd-3a96-9727-8f808ba415ca', 
false, 
0);
INSERT INTO "mendixsystem$index" ("id", 
"table_id", 
"index_name")
 VALUES ('41d3f6b5-7d56-3457-bf22-10fa32e0e9ef', 
'f8d8920f-f8b5-4eb2-ad9a-33cae8a0bb0a', 
'idx_mxmodelreflection$mxobjectenumvalue_system$changedby');
INSERT INTO "mendixsystem$index_column" ("index_id", 
"column_id", 
"sort_order", 
"ordinal")
 VALUES ('41d3f6b5-7d56-3457-bf22-10fa32e0e9ef', 
'0ca8135d-851d-34ce-870d-9259583e9659', 
false, 
0);
INSERT INTO "mendixsystem$association" ("id", 
"association_name", 
"table_name", 
"parent_entity_id", 
"child_entity_id", 
"parent_column_name", 
"child_column_name")
 VALUES ('5ea7cfaf-4ccd-3a96-9727-8f808ba415ca', 
'System.owner', 
'system$owner', 
'f8d8920f-f8b5-4eb2-ad9a-33cae8a0bb0a', 
'282e2e60-88a5-469d-84a5-ba8d9151644f', 
'id', 
'system$owner');
INSERT INTO "mendixsystem$association" ("id", 
"association_name", 
"table_name", 
"parent_entity_id", 
"child_entity_id", 
"parent_column_name", 
"child_column_name")
 VALUES ('0ca8135d-851d-34ce-870d-9259583e9659', 
'System.changedBy', 
'system$changedby', 
'f8d8920f-f8b5-4eb2-ad9a-33cae8a0bb0a', 
'282e2e60-88a5-469d-84a5-ba8d9151644f', 
'id', 
'system$changedby');
CREATE TABLE "mxmodelreflection$captions" (
	"mxmodelreflection$mxobjectenumvalueid" BIGINT NOT NULL,
	"mxmodelreflection$mxobjectenumcaptionsid" BIGINT NOT NULL,
	PRIMARY KEY("mxmodelreflection$mxobjectenumvalueid","mxmodelreflection$mxobjectenumcaptionsid"));
CREATE INDEX "idx_mxmodelreflection$captions_mxmodelreflection$mxobjectenumcaptions_mxmodelreflection$mxobjectenumvalue" ON "mxmodelreflection$captions" ("mxmodelreflection$mxobjectenumcaptionsid" ASC,"mxmodelreflection$mxobjectenumvalueid" ASC);
INSERT INTO "mendixsystem$association" ("id", 
"association_name", 
"table_name", 
"parent_entity_id", 
"child_entity_id", 
"parent_column_name", 
"child_column_name", 
"index_name")
 VALUES ('2343df75-62b1-4337-b721-6f61f618b8ce', 
'MxModelReflection.Captions', 
'mxmodelreflection$captions', 
'f8d8920f-f8b5-4eb2-ad9a-33cae8a0bb0a', 
'6f2b5f50-8548-4a42-916c-049c06a21b25', 
'mxmodelreflection$mxobjectenumvalueid', 
'mxmodelreflection$mxobjectenumcaptionsid', 
'idx_mxmodelreflection$captions_mxmodelreflection$mxobjectenumcaptions_mxmodelreflection$mxobjectenumvalue');
CREATE TABLE "emailtemplate$emailsettings" (
	"id" BIGINT NOT NULL,
	"username" VARCHAR_IGNORECASE(200) NULL,
	"password" VARCHAR_IGNORECASE(200) NULL,
	"server" VARCHAR_IGNORECASE(200) NULL,
	"port" INT NULL,
	"fromaddress" VARCHAR_IGNORECASE(200) NULL,
	"fromdisplayname" VARCHAR_IGNORECASE(500) NULL,
	"usessl" BOOLEAN NULL,
	"usetls" BOOLEAN NULL,
	"maxattempts" INT NULL,
	"usesslcheckserveridentity" BOOLEAN NULL,
	"createddate" TIMESTAMP NULL,
	"changeddate" TIMESTAMP NULL,
	"system$owner" BIGINT NULL,
	"system$changedby" BIGINT NULL,
	PRIMARY KEY("id"));
CREATE INDEX "idx_emailtemplate$emailsettings_system$owner" ON "emailtemplate$emailsettings" ("system$owner" ASC,"id" ASC);
CREATE INDEX "idx_emailtemplate$emailsettings_system$changedby" ON "emailtemplate$emailsettings" ("system$changedby" ASC,"id" ASC);
INSERT INTO "mendixsystem$entity" ("id", 
"entity_name", 
"table_name", 
"remote", 
"remote_primary_key")
 VALUES ('e12b810d-cdb6-46cb-a0ff-7672bfd0c5b3', 
'EmailTemplate.EmailSettings', 
'emailtemplate$emailsettings', 
false, 
false);
INSERT INTO "mendixsystem$attribute" ("id", 
"entity_id", 
"attribute_name", 
"column_name", 
"type", 
"length", 
"default_value", 
"is_auto_number")
 VALUES ('e64e5f4d-dac9-44cd-944f-b3cc6e6e5343', 
'e12b810d-cdb6-46cb-a0ff-7672bfd0c5b3', 
'UserName', 
'username', 
30, 
200, 
'', 
false);
INSERT INTO "mendixsystem$attribute" ("id", 
"entity_id", 
"attribute_name", 
"column_name", 
"type", 
"length", 
"default_value", 
"is_auto_number")
 VALUES ('15320444-670b-4554-8f92-2b4ca314a2ee', 
'e12b810d-cdb6-46cb-a0ff-7672bfd0c5b3', 
'Password', 
'password', 
30, 
200, 
'', 
false);
INSERT INTO "mendixsystem$attribute" ("id", 
"entity_id", 
"attribute_name", 
"column_name", 
"type", 
"length", 
"default_value", 
"is_auto_number")
 VALUES ('54ac5b4c-8275-45b0-a807-d6ec06001763', 
'e12b810d-cdb6-46cb-a0ff-7672bfd0c5b3', 
'Server', 
'server', 
30, 
200, 
'', 
false);
INSERT INTO "mendixsystem$attribute" ("id", 
"entity_id", 
"attribute_name", 
"column_name", 
"type", 
"length", 
"default_value", 
"is_auto_number")
 VALUES ('a5b1147a-8d9f-4a96-9024-9584535a04d7', 
'e12b810d-cdb6-46cb-a0ff-7672bfd0c5b3', 
'Port', 
'port', 
3, 
0, 
'', 
false);
INSERT INTO "mendixsystem$attribute" ("id", 
"entity_id", 
"attribute_name", 
"column_name", 
"type", 
"length", 
"default_value", 
"is_auto_number")
 VALUES ('0529c91c-614d-42e8-a31b-ec489af84599', 
'e12b810d-cdb6-46cb-a0ff-7672bfd0c5b3', 
'FromAddress', 
'fromaddress', 
30, 
200, 
'', 
false);
INSERT INTO "mendixsystem$attribute" ("id", 
"entity_id", 
"attribute_name", 
"column_name", 
"type", 
"length", 
"default_value", 
"is_auto_number")
 VALUES ('28ca3e01-881f-4fb3-bbf6-32baa2e9eeb6', 
'e12b810d-cdb6-46cb-a0ff-7672bfd0c5b3', 
'FromDisplayName', 
'fromdisplayname', 
30, 
500, 
'', 
false);
INSERT INTO "mendixsystem$attribute" ("id", 
"entity_id", 
"attribute_name", 
"column_name", 
"type", 
"length", 
"default_value", 
"is_auto_number")
 VALUES ('e62b21b7-4892-40ce-8ef0-60d2657236b6', 
'e12b810d-cdb6-46cb-a0ff-7672bfd0c5b3', 
'UseSSL', 
'usessl', 
10, 
0, 
'false', 
false);
INSERT INTO "mendixsystem$attribute" ("id", 
"entity_id", 
"attribute_name", 
"column_name", 
"type", 
"length", 
"default_value", 
"is_auto_number")
 VALUES ('31e2e0d4-4234-4b32-ac7f-52a033132242', 
'e12b810d-cdb6-46cb-a0ff-7672bfd0c5b3', 
'UseTLS', 
'usetls', 
10, 
0, 
'false', 
false);
INSERT INTO "mendixsystem$attribute" ("id", 
"entity_id", 
"attribute_name", 
"column_name", 
"type", 
"length", 
"default_value", 
"is_auto_number")
 VALUES ('74d35691-9302-4216-b207-ca0d575b98b8', 
'e12b810d-cdb6-46cb-a0ff-7672bfd0c5b3', 
'MaxAttempts', 
'maxattempts', 
3, 
0, 
'10', 
false);
INSERT INTO "mendixsystem$attribute" ("id", 
"entity_id", 
"attribute_name", 
"column_name", 
"type", 
"length", 
"default_value", 
"is_auto_number")
 VALUES ('1d8210f7-a7b4-4c37-a899-2f5bf7d08df3', 
'e12b810d-cdb6-46cb-a0ff-7672bfd0c5b3', 
'UseSSLCheckServerIdentity', 
'usesslcheckserveridentity', 
10, 
0, 
'false', 
false);
INSERT INTO "mendixsystem$attribute" ("id", 
"entity_id", 
"attribute_name", 
"column_name", 
"type", 
"length", 
"default_value", 
"is_auto_number")
 VALUES ('74ef56fc-597a-3879-9c2d-5cac50259e89', 
'e12b810d-cdb6-46cb-a0ff-7672bfd0c5b3', 
'createdDate', 
'createddate', 
20, 
0, 
'', 
false);
INSERT INTO "mendixsystem$attribute" ("id", 
"entity_id", 
"attribute_name", 
"column_name", 
"type", 
"length", 
"default_value", 
"is_auto_number")
 VALUES ('cff1e3ae-4fdd-3df6-bce9-e69fce253574', 
'e12b810d-cdb6-46cb-a0ff-7672bfd0c5b3', 
'changedDate', 
'changeddate', 
20, 
0, 
'', 
false);
INSERT INTO "mendixsystem$index" ("id", 
"table_id", 
"index_name")
 VALUES ('eadab5db-e143-3dc2-bc75-7fe0a76e0a20', 
'e12b810d-cdb6-46cb-a0ff-7672bfd0c5b3', 
'idx_emailtemplate$emailsettings_system$owner');
INSERT INTO "mendixsystem$index_column" ("index_id", 
"column_id", 
"sort_order", 
"ordinal")
 VALUES ('eadab5db-e143-3dc2-bc75-7fe0a76e0a20', 
'bcc1774c-ecef-3e03-a05e-4cd647e27ab9', 
false, 
0);
INSERT INTO "mendixsystem$index" ("id", 
"table_id", 
"index_name")
 VALUES ('9d467565-0499-3d86-9418-24ba4b8aeac6', 
'e12b810d-cdb6-46cb-a0ff-7672bfd0c5b3', 
'idx_emailtemplate$emailsettings_system$changedby');
INSERT INTO "mendixsystem$index_column" ("index_id", 
"column_id", 
"sort_order", 
"ordinal")
 VALUES ('9d467565-0499-3d86-9418-24ba4b8aeac6', 
'2a3d5b93-980e-32e8-85ec-2c7e082ab9ef', 
false, 
0);
INSERT INTO "mendixsystem$association" ("id", 
"association_name", 
"table_name", 
"parent_entity_id", 
"child_entity_id", 
"parent_column_name", 
"child_column_name")
 VALUES ('bcc1774c-ecef-3e03-a05e-4cd647e27ab9', 
'System.owner', 
'system$owner', 
'e12b810d-cdb6-46cb-a0ff-7672bfd0c5b3', 
'282e2e60-88a5-469d-84a5-ba8d9151644f', 
'id', 
'system$owner');
INSERT INTO "mendixsystem$association" ("id", 
"association_name", 
"table_name", 
"parent_entity_id", 
"child_entity_id", 
"parent_column_name", 
"child_column_name")
 VALUES ('2a3d5b93-980e-32e8-85ec-2c7e082ab9ef', 
'System.changedBy', 
'system$changedby', 
'e12b810d-cdb6-46cb-a0ff-7672bfd0c5b3', 
'282e2e60-88a5-469d-84a5-ba8d9151644f', 
'id', 
'system$changedby');
CREATE TABLE "mxmodelreflection$dbsizeestimate" (
	"id" BIGINT NOT NULL,
	"nrofrecords" INT NULL,
	"calculatedsizeinbytes" BIGINT NULL,
	"calculatedsizeinkilobytes" BIGINT NULL,
	"findobjecttype" VARCHAR_IGNORECASE(200) NULL,
	PRIMARY KEY("id"));
INSERT INTO "mendixsystem$entity" ("id", 
"entity_name", 
"table_name", 
"remote", 
"remote_primary_key")
 VALUES ('2d3ede19-6a35-4382-b0ce-18514c4d7dfc', 
'MxModelReflection.DbSizeEstimate', 
'mxmodelreflection$dbsizeestimate', 
false, 
false);
INSERT INTO "mendixsystem$attribute" ("id", 
"entity_id", 
"attribute_name", 
"column_name", 
"type", 
"length", 
"default_value", 
"is_auto_number")
 VALUES ('ad0f69bc-4590-4986-b87d-9681d0f369d9', 
'2d3ede19-6a35-4382-b0ce-18514c4d7dfc', 
'NrOfRecords', 
'nrofrecords', 
3, 
0, 
'', 
false);
INSERT INTO "mendixsystem$attribute" ("id", 
"entity_id", 
"attribute_name", 
"column_name", 
"type", 
"length", 
"default_value", 
"is_auto_number")
 VALUES ('81937fc0-e19f-4d9c-86da-01adff723e1f', 
'2d3ede19-6a35-4382-b0ce-18514c4d7dfc', 
'CalculatedSizeInBytes', 
'calculatedsizeinbytes', 
4, 
0, 
'0', 
false);
INSERT INTO "mendixsystem$attribute" ("id", 
"entity_id", 
"attribute_name", 
"column_name", 
"type", 
"length", 
"default_value", 
"is_auto_number")
 VALUES ('99cc080b-edce-43aa-8403-c434397a2246', 
'2d3ede19-6a35-4382-b0ce-18514c4d7dfc', 
'CalculatedSizeInKiloBytes', 
'calculatedsizeinkilobytes', 
4, 
0, 
'0', 
false);
INSERT INTO "mendixsystem$attribute" ("id", 
"entity_id", 
"attribute_name", 
"column_name", 
"type", 
"length", 
"default_value", 
"is_auto_number")
 VALUES ('09ccf433-ae60-4d94-8c3b-3a52e95f09d2', 
'2d3ede19-6a35-4382-b0ce-18514c4d7dfc', 
'FindObjectType', 
'findobjecttype', 
30, 
200, 
'', 
false);
CREATE TABLE "mxmodelreflection$dbsizeestimate_mxobjecttype" (
	"mxmodelreflection$dbsizeestimateid" BIGINT NOT NULL,
	"mxmodelreflection$mxobjecttypeid" BIGINT NOT NULL,
	PRIMARY KEY("mxmodelreflection$dbsizeestimateid","mxmodelreflection$mxobjecttypeid"),
	CONSTRAINT "uniq_mxmodelreflection$dbsizeestimate_mxobjecttype_mxmodelreflection$dbsizeestimateid" UNIQUE ("mxmodelreflection$dbsizeestimateid"));
CREATE INDEX "idx_mxmodelreflection$dbsizeestimate_mxobjecttype_mxmodelreflection$mxobjecttype_mxmodelreflection$dbsizeestimate" ON "mxmodelreflection$dbsizeestimate_mxobjecttype" ("mxmodelreflection$mxobjecttypeid" ASC,"mxmodelreflection$dbsizeestimateid" ASC);
INSERT INTO "mendixsystem$association" ("id", 
"association_name", 
"table_name", 
"parent_entity_id", 
"child_entity_id", 
"parent_column_name", 
"child_column_name", 
"index_name")
 VALUES ('f787704b-e2ea-48d9-991a-143207861caf', 
'MxModelReflection.DbSizeEstimate_MxObjectType', 
'mxmodelreflection$dbsizeestimate_mxobjecttype', 
'2d3ede19-6a35-4382-b0ce-18514c4d7dfc', 
'72334281-4ae8-47be-82b2-48ae8a6b5778', 
'mxmodelreflection$dbsizeestimateid', 
'mxmodelreflection$mxobjecttypeid', 
'idx_mxmodelreflection$dbsizeestimate_mxobjecttype_mxmodelreflection$mxobjecttype_mxmodelreflection$dbsizeestimate');
INSERT INTO "mendixsystem$unique_constraint" ("name", 
"table_id", 
"column_id")
 VALUES ('uniq_mxmodelreflection$dbsizeestimate_mxobjecttype_mxmodelreflection$dbsizeestimateid', 
'f787704b-e2ea-48d9-991a-143207861caf', 
'26413e5e-6324-3137-a195-9aaa4067e6af');
CREATE TABLE "mxmodelreflection$mxobjectmember" (
	"id" BIGINT NOT NULL,
	"attributename" VARCHAR_IGNORECASE(200) NULL,
	"attributetype" VARCHAR_IGNORECASE(200) NULL,
	"attributetypeenum" VARCHAR_IGNORECASE(11) NULL,
	"completename" VARCHAR_IGNORECASE(400) NULL,
	"descriptivename" VARCHAR_IGNORECASE(200) NULL,
	"fieldlength" INT NULL,
	"isvirtual" BOOLEAN NULL,
	"createddate" TIMESTAMP NULL,
	"changeddate" TIMESTAMP NULL,
	"submetaobjectname" VARCHAR_IGNORECASE(255) NULL,
	"system$changedby" BIGINT NULL,
	"system$owner" BIGINT NULL,
	PRIMARY KEY("id"));
CREATE INDEX "idx_mxmodelreflection$mxobjectmember_submetaobjectname_asc" ON "mxmodelreflection$mxobjectmember" ("submetaobjectname" ASC,"id" ASC);
CREATE INDEX "idx_mxmodelreflection$mxobjectmember_system$changedby" ON "mxmodelreflection$mxobjectmember" ("system$changedby" ASC,"id" ASC);
CREATE INDEX "idx_mxmodelreflection$mxobjectmember_system$owner" ON "mxmodelreflection$mxobjectmember" ("system$owner" ASC,"id" ASC);
INSERT INTO "mendixsystem$entity" ("id", 
"entity_name", 
"table_name", 
"remote", 
"remote_primary_key")
 VALUES ('5456b75f-8f00-4b07-a417-75fdaa8a4a13', 
'MxModelReflection.MxObjectMember', 
'mxmodelreflection$mxobjectmember', 
false, 
false);
INSERT INTO "mendixsystem$attribute" ("id", 
"entity_id", 
"attribute_name", 
"column_name", 
"type", 
"length", 
"default_value", 
"is_auto_number")
 VALUES ('1d949120-045c-4c1e-9fc5-2d97c91c564d', 
'5456b75f-8f00-4b07-a417-75fdaa8a4a13', 
'AttributeName', 
'attributename', 
30, 
200, 
'', 
false);
INSERT INTO "mendixsystem$attribute" ("id", 
"entity_id", 
"attribute_name", 
"column_name", 
"type", 
"length", 
"default_value", 
"is_auto_number")
 VALUES ('0fbfd258-2774-4206-b88e-1857d61ccf04', 
'5456b75f-8f00-4b07-a417-75fdaa8a4a13', 
'AttributeType', 
'attributetype', 
30, 
200, 
'', 
false);
INSERT INTO "mendixsystem$attribute" ("id", 
"entity_id", 
"attribute_name", 
"column_name", 
"type", 
"length", 
"default_value", 
"is_auto_number")
 VALUES ('dcaf7189-708b-4bdc-a5ea-c6d0ed1c9431', 
'5456b75f-8f00-4b07-a417-75fdaa8a4a13', 
'AttributeTypeEnum', 
'attributetypeenum', 
40, 
11, 
'', 
false);
INSERT INTO "mendixsystem$attribute" ("id", 
"entity_id", 
"attribute_name", 
"column_name", 
"type", 
"length", 
"default_value", 
"is_auto_number")
 VALUES ('a78f3d52-b588-412f-ad83-5cb5b238f1d1', 
'5456b75f-8f00-4b07-a417-75fdaa8a4a13', 
'CompleteName', 
'completename', 
30, 
400, 
'', 
false);
INSERT INTO "mendixsystem$attribute" ("id", 
"entity_id", 
"attribute_name", 
"column_name", 
"type", 
"length", 
"default_value", 
"is_auto_number")
 VALUES ('365ed412-8475-4342-a61c-fddff8f95583', 
'5456b75f-8f00-4b07-a417-75fdaa8a4a13', 
'DescriptiveName', 
'descriptivename', 
30, 
200, 
'', 
false);
INSERT INTO "mendixsystem$attribute" ("id", 
"entity_id", 
"attribute_name", 
"column_name", 
"type", 
"length", 
"default_value", 
"is_auto_number")
 VALUES ('8983d4fb-ab43-4519-a25b-7824aaa69e71', 
'5456b75f-8f00-4b07-a417-75fdaa8a4a13', 
'FieldLength', 
'fieldlength', 
3, 
0, 
'', 
false);
INSERT INTO "mendixsystem$attribute" ("id", 
"entity_id", 
"attribute_name", 
"column_name", 
"type", 
"length", 
"default_value", 
"is_auto_number")
 VALUES ('be66e533-4072-43b2-b1b2-2181c5742763', 
'5456b75f-8f00-4b07-a417-75fdaa8a4a13', 
'IsVirtual', 
'isvirtual', 
10, 
0, 
'false', 
false);
INSERT INTO "mendixsystem$attribute" ("id", 
"entity_id", 
"attribute_name", 
"column_name", 
"type", 
"length", 
"default_value", 
"is_auto_number")
 VALUES ('b4e458c6-75e1-3dd3-873a-233260b8a3a1', 
'5456b75f-8f00-4b07-a417-75fdaa8a4a13', 
'createdDate', 
'createddate', 
20, 
0, 
'', 
false);
INSERT INTO "mendixsystem$attribute" ("id", 
"entity_id", 
"attribute_name", 
"column_name", 
"type", 
"length", 
"default_value", 
"is_auto_number")
 VALUES ('c54a0670-982a-3351-a291-b31507cf8cde', 
'5456b75f-8f00-4b07-a417-75fdaa8a4a13', 
'changedDate', 
'changeddate', 
20, 
0, 
'', 
false);
INSERT INTO "mendixsystem$attribute" ("id", 
"entity_id", 
"attribute_name", 
"column_name", 
"type", 
"length", 
"default_value", 
"is_auto_number")
 VALUES ('862e1d21-59c3-3b29-a83d-fe76b26ca2ef', 
'5456b75f-8f00-4b07-a417-75fdaa8a4a13', 
'submetaobjectname', 
'submetaobjectname', 
30, 
255, 
'MxModelReflection.MxObjectMember', 
false);
INSERT INTO "mendixsystem$index" ("id", 
"table_id", 
"index_name")
 VALUES ('e2e40928-3fb0-3770-a57c-7bca04a62ed8', 
'5456b75f-8f00-4b07-a417-75fdaa8a4a13', 
'idx_mxmodelreflection$mxobjectmember_submetaobjectname_asc');
INSERT INTO "mendixsystem$index_column" ("index_id", 
"column_id", 
"sort_order", 
"ordinal")
 VALUES ('e2e40928-3fb0-3770-a57c-7bca04a62ed8', 
'862e1d21-59c3-3b29-a83d-fe76b26ca2ef', 
false, 
0);
INSERT INTO "mendixsystem$index" ("id", 
"table_id", 
"index_name")
 VALUES ('f74a78b6-853b-3499-bfa5-7231fc26d346', 
'5456b75f-8f00-4b07-a417-75fdaa8a4a13', 
'idx_mxmodelreflection$mxobjectmember_system$changedby');
INSERT INTO "mendixsystem$index_column" ("index_id", 
"column_id", 
"sort_order", 
"ordinal")
 VALUES ('f74a78b6-853b-3499-bfa5-7231fc26d346', 
'17c36e0a-ed0e-3dd1-915c-0e1868299c00', 
false, 
0);
INSERT INTO "mendixsystem$index" ("id", 
"table_id", 
"index_name")
 VALUES ('7b13a0d1-5134-3354-bf0b-89d90c9db776', 
'5456b75f-8f00-4b07-a417-75fdaa8a4a13', 
'idx_mxmodelreflection$mxobjectmember_system$owner');
INSERT INTO "mendixsystem$index_column" ("index_id", 
"column_id", 
"sort_order", 
"ordinal")
 VALUES ('7b13a0d1-5134-3354-bf0b-89d90c9db776', 
'0cf944f0-79b8-3c93-995c-a10fe31c2301', 
false, 
0);
INSERT INTO "mendixsystem$association" ("id", 
"association_name", 
"table_name", 
"parent_entity_id", 
"child_entity_id", 
"parent_column_name", 
"child_column_name")
 VALUES ('17c36e0a-ed0e-3dd1-915c-0e1868299c00', 
'System.changedBy', 
'system$changedby', 
'5456b75f-8f00-4b07-a417-75fdaa8a4a13', 
'282e2e60-88a5-469d-84a5-ba8d9151644f', 
'id', 
'system$changedby');
INSERT INTO "mendixsystem$association" ("id", 
"association_name", 
"table_name", 
"parent_entity_id", 
"child_entity_id", 
"parent_column_name", 
"child_column_name")
 VALUES ('0cf944f0-79b8-3c93-995c-a10fe31c2301', 
'System.owner', 
'system$owner', 
'5456b75f-8f00-4b07-a417-75fdaa8a4a13', 
'282e2e60-88a5-469d-84a5-ba8d9151644f', 
'id', 
'system$owner');
CREATE TABLE "mxmodelreflection$mxobjectmember_type" (
	"mxmodelreflection$mxobjectmemberid" BIGINT NOT NULL,
	"mxmodelreflection$valuetypeid" BIGINT NOT NULL,
	PRIMARY KEY("mxmodelreflection$mxobjectmemberid","mxmodelreflection$valuetypeid"),
	CONSTRAINT "uniq_mxmodelreflection$mxobjectmember_type_mxmodelreflection$mxobjectmemberid" UNIQUE ("mxmodelreflection$mxobjectmemberid"));
CREATE INDEX "idx_mxmodelreflection$mxobjectmember_type_mxmodelreflection$valuetype_mxmodelreflection$mxobjectmember" ON "mxmodelreflection$mxobjectmember_type" ("mxmodelreflection$valuetypeid" ASC,"mxmodelreflection$mxobjectmemberid" ASC);
INSERT INTO "mendixsystem$association" ("id", 
"association_name", 
"table_name", 
"parent_entity_id", 
"child_entity_id", 
"parent_column_name", 
"child_column_name", 
"index_name")
 VALUES ('41a5c1d6-21be-4a8d-87ca-460345974f56', 
'MxModelReflection.MxObjectMember_Type', 
'mxmodelreflection$mxobjectmember_type', 
'5456b75f-8f00-4b07-a417-75fdaa8a4a13', 
'815ca752-e066-4018-9d8c-2b481f21a9e9', 
'mxmodelreflection$mxobjectmemberid', 
'mxmodelreflection$valuetypeid', 
'idx_mxmodelreflection$mxobjectmember_type_mxmodelreflection$valuetype_mxmodelreflection$mxobjectmember');
INSERT INTO "mendixsystem$unique_constraint" ("name", 
"table_id", 
"column_id")
 VALUES ('uniq_mxmodelreflection$mxobjectmember_type_mxmodelreflection$mxobjectmemberid', 
'41a5c1d6-21be-4a8d-87ca-460345974f56', 
'd107b820-7fb1-30a9-93c8-9223615e243d');
CREATE TABLE "mxmodelreflection$mxobjectmember_mxobjecttype" (
	"mxmodelreflection$mxobjectmemberid" BIGINT NOT NULL,
	"mxmodelreflection$mxobjecttypeid" BIGINT NOT NULL,
	PRIMARY KEY("mxmodelreflection$mxobjectmemberid","mxmodelreflection$mxobjecttypeid"),
	CONSTRAINT "uniq_mxmodelreflection$mxobjectmember_mxobjecttype_mxmodelreflection$mxobjectmemberid" UNIQUE ("mxmodelreflection$mxobjectmemberid"));
CREATE INDEX "idx_mxmodelreflection$mxobjectmember_mxobjecttype_mxmodelreflection$mxobjecttype_mxmodelreflection$mxobjectmember" ON "mxmodelreflection$mxobjectmember_mxobjecttype" ("mxmodelreflection$mxobjecttypeid" ASC,"mxmodelreflection$mxobjectmemberid" ASC);
INSERT INTO "mendixsystem$association" ("id", 
"association_name", 
"table_name", 
"parent_entity_id", 
"child_entity_id", 
"parent_column_name", 
"child_column_name", 
"index_name")
 VALUES ('fcb46f9b-e669-431f-a8e3-512550cb07a2', 
'MxModelReflection.MxObjectMember_MxObjectType', 
'mxmodelreflection$mxobjectmember_mxobjecttype', 
'5456b75f-8f00-4b07-a417-75fdaa8a4a13', 
'72334281-4ae8-47be-82b2-48ae8a6b5778', 
'mxmodelreflection$mxobjectmemberid', 
'mxmodelreflection$mxobjecttypeid', 
'idx_mxmodelreflection$mxobjectmember_mxobjecttype_mxmodelreflection$mxobjecttype_mxmodelreflection$mxobjectmember');
INSERT INTO "mendixsystem$unique_constraint" ("name", 
"table_id", 
"column_id")
 VALUES ('uniq_mxmodelreflection$mxobjectmember_mxobjecttype_mxmodelreflection$mxobjectmemberid', 
'fcb46f9b-e669-431f-a8e3-512550cb07a2', 
'd46d1fb4-9c91-34da-be42-c3cb23497689');
CREATE TABLE "emailtemplate$emailtemplate" (
	"id" BIGINT NOT NULL,
	"templatename" VARCHAR_IGNORECASE(200) NULL,
	"to" VARCHAR_IGNORECASE(2147483647) NULL,
	"from" VARCHAR_IGNORECASE(200) NULL,
	"fromdisplayname" VARCHAR_IGNORECASE(200) NULL,
	"replyto" VARCHAR_IGNORECASE(200) NULL,
	"cc" VARCHAR_IGNORECASE(2147483647) NULL,
	"bcc" VARCHAR_IGNORECASE(2147483647) NULL,
	"subject" VARCHAR_IGNORECASE(200) NULL,
	"htmlbody" VARCHAR_IGNORECASE(2147483647) NULL,
	"plainbody" VARCHAR_IGNORECASE(2147483647) NULL,
	"creationdate" TIMESTAMP NULL,
	"useonlyplaintext" BOOLEAN NULL,
	"createddate" TIMESTAMP NULL,
	"changeddate" TIMESTAMP NULL,
	"system$changedby" BIGINT NULL,
	"system$owner" BIGINT NULL,
	PRIMARY KEY("id"));
CREATE INDEX "idx_emailtemplate$emailtemplate_system$changedby" ON "emailtemplate$emailtemplate" ("system$changedby" ASC,"id" ASC);
CREATE INDEX "idx_emailtemplate$emailtemplate_system$owner" ON "emailtemplate$emailtemplate" ("system$owner" ASC,"id" ASC);
INSERT INTO "mendixsystem$entity" ("id", 
"entity_name", 
"table_name", 
"remote", 
"remote_primary_key")
 VALUES ('bd48fee3-bacd-4423-9a73-1a92ccddda16', 
'EmailTemplate.EmailTemplate', 
'emailtemplate$emailtemplate', 
false, 
false);
INSERT INTO "mendixsystem$attribute" ("id", 
"entity_id", 
"attribute_name", 
"column_name", 
"type", 
"length", 
"default_value", 
"is_auto_number")
 VALUES ('39314806-388b-4255-b46c-ab4ee015df76', 
'bd48fee3-bacd-4423-9a73-1a92ccddda16', 
'TemplateName', 
'templatename', 
30, 
200, 
'', 
false);
INSERT INTO "mendixsystem$attribute" ("id", 
"entity_id", 
"attribute_name", 
"column_name", 
"type", 
"length", 
"default_value", 
"is_auto_number")
 VALUES ('8ffd5433-fe0d-4222-901a-a7ddd570635e', 
'bd48fee3-bacd-4423-9a73-1a92ccddda16', 
'To', 
'to', 
30, 
0, 
'', 
false);
INSERT INTO "mendixsystem$attribute" ("id", 
"entity_id", 
"attribute_name", 
"column_name", 
"type", 
"length", 
"default_value", 
"is_auto_number")
 VALUES ('e83344b2-fc19-4308-b484-c05416d2bdb8', 
'bd48fee3-bacd-4423-9a73-1a92ccddda16', 
'From', 
'from', 
30, 
200, 
'', 
false);
INSERT INTO "mendixsystem$attribute" ("id", 
"entity_id", 
"attribute_name", 
"column_name", 
"type", 
"length", 
"default_value", 
"is_auto_number")
 VALUES ('4818de16-733e-48ac-b110-84495fc37cec', 
'bd48fee3-bacd-4423-9a73-1a92ccddda16', 
'FromDisplayName', 
'fromdisplayname', 
30, 
200, 
'', 
false);
INSERT INTO "mendixsystem$attribute" ("id", 
"entity_id", 
"attribute_name", 
"column_name", 
"type", 
"length", 
"default_value", 
"is_auto_number")
 VALUES ('4ddcd403-ec0d-487e-b2bd-af41360c7bd0', 
'bd48fee3-bacd-4423-9a73-1a92ccddda16', 
'ReplyTo', 
'replyto', 
30, 
200, 
'', 
false);
INSERT INTO "mendixsystem$attribute" ("id", 
"entity_id", 
"attribute_name", 
"column_name", 
"type", 
"length", 
"default_value", 
"is_auto_number")
 VALUES ('dc06b227-3d08-4ef7-90a3-ecf57bc8ef19', 
'bd48fee3-bacd-4423-9a73-1a92ccddda16', 
'CC', 
'cc', 
30, 
0, 
'', 
false);
INSERT INTO "mendixsystem$attribute" ("id", 
"entity_id", 
"attribute_name", 
"column_name", 
"type", 
"length", 
"default_value", 
"is_auto_number")
 VALUES ('b48f1f47-1f94-47bc-83fc-45e13cf7be38', 
'bd48fee3-bacd-4423-9a73-1a92ccddda16', 
'BCC', 
'bcc', 
30, 
0, 
'', 
false);
INSERT INTO "mendixsystem$attribute" ("id", 
"entity_id", 
"attribute_name", 
"column_name", 
"type", 
"length", 
"default_value", 
"is_auto_number")
 VALUES ('e89cbb36-e64e-48a1-aaf4-d7090ec3e78c', 
'bd48fee3-bacd-4423-9a73-1a92ccddda16', 
'Subject', 
'subject', 
30, 
200, 
'', 
false);
INSERT INTO "mendixsystem$attribute" ("id", 
"entity_id", 
"attribute_name", 
"column_name", 
"type", 
"length", 
"default_value", 
"is_auto_number")
 VALUES ('110868be-f20e-4f29-8902-83b0037cabee', 
'bd48fee3-bacd-4423-9a73-1a92ccddda16', 
'HtmlBody', 
'htmlbody', 
30, 
0, 
'', 
false);
INSERT INTO "mendixsystem$attribute" ("id", 
"entity_id", 
"attribute_name", 
"column_name", 
"type", 
"length", 
"default_value", 
"is_auto_number")
 VALUES ('693b5c13-4a9a-4ee0-8de2-71f40c55e87c', 
'bd48fee3-bacd-4423-9a73-1a92ccddda16', 
'PlainBody', 
'plainbody', 
30, 
0, 
'', 
false);
INSERT INTO "mendixsystem$attribute" ("id", 
"entity_id", 
"attribute_name", 
"column_name", 
"type", 
"length", 
"default_value", 
"is_auto_number")
 VALUES ('0ebfd2fa-ee5d-49a7-b606-644148e2c5e0', 
'bd48fee3-bacd-4423-9a73-1a92ccddda16', 
'CreationDate', 
'creationdate', 
20, 
0, 
'', 
false);
INSERT INTO "mendixsystem$attribute" ("id", 
"entity_id", 
"attribute_name", 
"column_name", 
"type", 
"length", 
"default_value", 
"is_auto_number")
 VALUES ('2d080476-91ae-4114-8f63-59cfd908d8d1', 
'bd48fee3-bacd-4423-9a73-1a92ccddda16', 
'UseOnlyPlainText', 
'useonlyplaintext', 
10, 
0, 
'false', 
false);
INSERT INTO "mendixsystem$attribute" ("id", 
"entity_id", 
"attribute_name", 
"column_name", 
"type", 
"length", 
"default_value", 
"is_auto_number")
 VALUES ('25ecec4c-6f8e-37cb-8bb0-00aab3326a63', 
'bd48fee3-bacd-4423-9a73-1a92ccddda16', 
'createdDate', 
'createddate', 
20, 
0, 
'', 
false);
INSERT INTO "mendixsystem$attribute" ("id", 
"entity_id", 
"attribute_name", 
"column_name", 
"type", 
"length", 
"default_value", 
"is_auto_number")
 VALUES ('840b64d8-dd1d-3bb2-a046-d9a24167e145', 
'bd48fee3-bacd-4423-9a73-1a92ccddda16', 
'changedDate', 
'changeddate', 
20, 
0, 
'', 
false);
INSERT INTO "mendixsystem$index" ("id", 
"table_id", 
"index_name")
 VALUES ('791260c3-1cfd-3db8-8117-5ece561a3b54', 
'bd48fee3-bacd-4423-9a73-1a92ccddda16', 
'idx_emailtemplate$emailtemplate_system$changedby');
INSERT INTO "mendixsystem$index_column" ("index_id", 
"column_id", 
"sort_order", 
"ordinal")
 VALUES ('791260c3-1cfd-3db8-8117-5ece561a3b54', 
'6aebff50-8533-3d05-8251-1bbbcfb44f4f', 
false, 
0);
INSERT INTO "mendixsystem$index" ("id", 
"table_id", 
"index_name")
 VALUES ('330673bc-fb52-30ab-ac12-003b7874b097', 
'bd48fee3-bacd-4423-9a73-1a92ccddda16', 
'idx_emailtemplate$emailtemplate_system$owner');
INSERT INTO "mendixsystem$index_column" ("index_id", 
"column_id", 
"sort_order", 
"ordinal")
 VALUES ('330673bc-fb52-30ab-ac12-003b7874b097', 
'f693c3c3-1f78-373b-b48c-e8f74c3cda62', 
false, 
0);
INSERT INTO "mendixsystem$association" ("id", 
"association_name", 
"table_name", 
"parent_entity_id", 
"child_entity_id", 
"parent_column_name", 
"child_column_name")
 VALUES ('6aebff50-8533-3d05-8251-1bbbcfb44f4f', 
'System.changedBy', 
'system$changedby', 
'bd48fee3-bacd-4423-9a73-1a92ccddda16', 
'282e2e60-88a5-469d-84a5-ba8d9151644f', 
'id', 
'system$changedby');
INSERT INTO "mendixsystem$association" ("id", 
"association_name", 
"table_name", 
"parent_entity_id", 
"child_entity_id", 
"parent_column_name", 
"child_column_name")
 VALUES ('f693c3c3-1f78-373b-b48c-e8f74c3cda62', 
'System.owner', 
'system$owner', 
'bd48fee3-bacd-4423-9a73-1a92ccddda16', 
'282e2e60-88a5-469d-84a5-ba8d9151644f', 
'id', 
'system$owner');
CREATE TABLE "emailtemplate$emailtemplate_mxobjecttype" (
	"emailtemplate$emailtemplateid" BIGINT NOT NULL,
	"mxmodelreflection$mxobjecttypeid" BIGINT NOT NULL,
	PRIMARY KEY("emailtemplate$emailtemplateid","mxmodelreflection$mxobjecttypeid"),
	CONSTRAINT "uniq_emailtemplate$emailtemplate_mxobjecttype_emailtemplate$emailtemplateid" UNIQUE ("emailtemplate$emailtemplateid"));
CREATE INDEX "idx_emailtemplate$emailtemplate_mxobjecttype_mxmodelreflection$mxobjecttype_emailtemplate$emailtemplate" ON "emailtemplate$emailtemplate_mxobjecttype" ("mxmodelreflection$mxobjecttypeid" ASC,"emailtemplate$emailtemplateid" ASC);
INSERT INTO "mendixsystem$association" ("id", 
"association_name", 
"table_name", 
"parent_entity_id", 
"child_entity_id", 
"parent_column_name", 
"child_column_name", 
"index_name")
 VALUES ('d5f40aaf-d0f9-405f-880e-5fc789aa7e37', 
'EmailTemplate.EmailTemplate_MxObjectType', 
'emailtemplate$emailtemplate_mxobjecttype', 
'bd48fee3-bacd-4423-9a73-1a92ccddda16', 
'72334281-4ae8-47be-82b2-48ae8a6b5778', 
'emailtemplate$emailtemplateid', 
'mxmodelreflection$mxobjecttypeid', 
'idx_emailtemplate$emailtemplate_mxobjecttype_mxmodelreflection$mxobjecttype_emailtemplate$emailtemplate');
INSERT INTO "mendixsystem$unique_constraint" ("name", 
"table_id", 
"column_id")
 VALUES ('uniq_emailtemplate$emailtemplate_mxobjecttype_emailtemplate$emailtemplateid', 
'd5f40aaf-d0f9-405f-880e-5fc789aa7e37', 
'820d7629-ba2a-3a7c-aa7a-e8c13a84c5f2');
CREATE TABLE "emailtemplate$emailtemplate_token" (
	"emailtemplate$emailtemplateid" BIGINT NOT NULL,
	"mxmodelreflection$tokenid" BIGINT NOT NULL,
	PRIMARY KEY("emailtemplate$emailtemplateid","mxmodelreflection$tokenid"));
CREATE INDEX "idx_emailtemplate$emailtemplate_token_mxmodelreflection$token_emailtemplate$emailtemplate" ON "emailtemplate$emailtemplate_token" ("mxmodelreflection$tokenid" ASC,"emailtemplate$emailtemplateid" ASC);
INSERT INTO "mendixsystem$association" ("id", 
"association_name", 
"table_name", 
"parent_entity_id", 
"child_entity_id", 
"parent_column_name", 
"child_column_name", 
"index_name")
 VALUES ('e5935df6-cc35-4c23-b6ea-51bb770e5841', 
'EmailTemplate.EmailTemplate_Token', 
'emailtemplate$emailtemplate_token', 
'bd48fee3-bacd-4423-9a73-1a92ccddda16', 
'94d3fcf6-9706-4500-b8d8-de792f864880', 
'emailtemplate$emailtemplateid', 
'mxmodelreflection$tokenid', 
'idx_emailtemplate$emailtemplate_token_mxmodelreflection$token_emailtemplate$emailtemplate');
CREATE TABLE "emailtemplate$header" (
	"id" BIGINT NOT NULL,
	"name" VARCHAR_IGNORECASE(200) NULL,
	"value" VARCHAR_IGNORECASE(2147483647) NULL,
	PRIMARY KEY("id"));
INSERT INTO "mendixsystem$entity" ("id", 
"entity_name", 
"table_name", 
"remote", 
"remote_primary_key")
 VALUES ('3cb1ab8c-40a5-4bdf-8157-04946c4b60c0', 
'EmailTemplate.Header', 
'emailtemplate$header', 
false, 
false);
INSERT INTO "mendixsystem$attribute" ("id", 
"entity_id", 
"attribute_name", 
"column_name", 
"type", 
"length", 
"default_value", 
"is_auto_number")
 VALUES ('46e6d35b-6d85-4f40-a075-49f48bac4e42', 
'3cb1ab8c-40a5-4bdf-8157-04946c4b60c0', 
'Name', 
'name', 
30, 
200, 
'', 
false);
INSERT INTO "mendixsystem$attribute" ("id", 
"entity_id", 
"attribute_name", 
"column_name", 
"type", 
"length", 
"default_value", 
"is_auto_number")
 VALUES ('bdb079d5-97b1-4c07-b07c-caaaf7c35f0c', 
'3cb1ab8c-40a5-4bdf-8157-04946c4b60c0', 
'Value', 
'value', 
30, 
0, 
'', 
false);
CREATE TABLE "emailtemplate$header_email" (
	"emailtemplate$headerid" BIGINT NOT NULL,
	"emailtemplate$emailid" BIGINT NOT NULL,
	PRIMARY KEY("emailtemplate$headerid","emailtemplate$emailid"),
	CONSTRAINT "uniq_emailtemplate$header_email_emailtemplate$headerid" UNIQUE ("emailtemplate$headerid"));
CREATE INDEX "idx_emailtemplate$header_email_emailtemplate$email_emailtemplate$header" ON "emailtemplate$header_email" ("emailtemplate$emailid" ASC,"emailtemplate$headerid" ASC);
INSERT INTO "mendixsystem$association" ("id", 
"association_name", 
"table_name", 
"parent_entity_id", 
"child_entity_id", 
"parent_column_name", 
"child_column_name", 
"index_name")
 VALUES ('e82d8a0f-affd-4618-b821-d33bc3c10e52', 
'EmailTemplate.Header_Email', 
'emailtemplate$header_email', 
'3cb1ab8c-40a5-4bdf-8157-04946c4b60c0', 
'42722a60-a219-4441-bdc5-8e3dc543e352', 
'emailtemplate$headerid', 
'emailtemplate$emailid', 
'idx_emailtemplate$header_email_emailtemplate$email_emailtemplate$header');
INSERT INTO "mendixsystem$unique_constraint" ("name", 
"table_id", 
"column_id")
 VALUES ('uniq_emailtemplate$header_email_emailtemplate$headerid', 
'e82d8a0f-affd-4618-b821-d33bc3c10e52', 
'f7763ed6-fab3-34c1-afe9-b0026f2a9933');
CREATE TABLE "mxmodelreflection$parameter" (
	"id" BIGINT NOT NULL,
	"name" VARCHAR_IGNORECASE(200) NULL,
	"createddate" TIMESTAMP NULL,
	"changeddate" TIMESTAMP NULL,
	"system$changedby" BIGINT NULL,
	"system$owner" BIGINT NULL,
	PRIMARY KEY("id"));
CREATE INDEX "idx_mxmodelreflection$parameter_system$changedby" ON "mxmodelreflection$parameter" ("system$changedby" ASC,"id" ASC);
CREATE INDEX "idx_mxmodelreflection$parameter_system$owner" ON "mxmodelreflection$parameter" ("system$owner" ASC,"id" ASC);
INSERT INTO "mendixsystem$entity" ("id", 
"entity_name", 
"table_name", 
"remote", 
"remote_primary_key")
 VALUES ('cd78acb5-ec06-400c-8556-9247f8d0a28b', 
'MxModelReflection.Parameter', 
'mxmodelreflection$parameter', 
false, 
false);
INSERT INTO "mendixsystem$attribute" ("id", 
"entity_id", 
"attribute_name", 
"column_name", 
"type", 
"length", 
"default_value", 
"is_auto_number")
 VALUES ('b5077f9b-8dc4-4e5f-993e-fb6f65f00f93', 
'cd78acb5-ec06-400c-8556-9247f8d0a28b', 
'Name', 
'name', 
30, 
200, 
'', 
false);
INSERT INTO "mendixsystem$attribute" ("id", 
"entity_id", 
"attribute_name", 
"column_name", 
"type", 
"length", 
"default_value", 
"is_auto_number")
 VALUES ('3c166d07-7f80-32fb-8a69-7380a6270002', 
'cd78acb5-ec06-400c-8556-9247f8d0a28b', 
'createdDate', 
'createddate', 
20, 
0, 
'', 
false);
INSERT INTO "mendixsystem$attribute" ("id", 
"entity_id", 
"attribute_name", 
"column_name", 
"type", 
"length", 
"default_value", 
"is_auto_number")
 VALUES ('51fcb98d-8246-36e9-aab5-5c1095bf9fdc', 
'cd78acb5-ec06-400c-8556-9247f8d0a28b', 
'changedDate', 
'changeddate', 
20, 
0, 
'', 
false);
INSERT INTO "mendixsystem$index" ("id", 
"table_id", 
"index_name")
 VALUES ('5e1e0570-d659-34ec-98c4-b5fee4b3418a', 
'cd78acb5-ec06-400c-8556-9247f8d0a28b', 
'idx_mxmodelreflection$parameter_system$changedby');
INSERT INTO "mendixsystem$index_column" ("index_id", 
"column_id", 
"sort_order", 
"ordinal")
 VALUES ('5e1e0570-d659-34ec-98c4-b5fee4b3418a', 
'c71df071-11d4-3487-b64e-280fa8debff7', 
false, 
0);
INSERT INTO "mendixsystem$index" ("id", 
"table_id", 
"index_name")
 VALUES ('a6680cac-b2ab-3ff7-81be-c19cbbcfadf7', 
'cd78acb5-ec06-400c-8556-9247f8d0a28b', 
'idx_mxmodelreflection$parameter_system$owner');
INSERT INTO "mendixsystem$index_column" ("index_id", 
"column_id", 
"sort_order", 
"ordinal")
 VALUES ('a6680cac-b2ab-3ff7-81be-c19cbbcfadf7', 
'2e8dec54-48cc-3739-91b2-0c809e66eaf2', 
false, 
0);
INSERT INTO "mendixsystem$association" ("id", 
"association_name", 
"table_name", 
"parent_entity_id", 
"child_entity_id", 
"parent_column_name", 
"child_column_name")
 VALUES ('c71df071-11d4-3487-b64e-280fa8debff7', 
'System.changedBy', 
'system$changedby', 
'cd78acb5-ec06-400c-8556-9247f8d0a28b', 
'282e2e60-88a5-469d-84a5-ba8d9151644f', 
'id', 
'system$changedby');
INSERT INTO "mendixsystem$association" ("id", 
"association_name", 
"table_name", 
"parent_entity_id", 
"child_entity_id", 
"parent_column_name", 
"child_column_name")
 VALUES ('2e8dec54-48cc-3739-91b2-0c809e66eaf2', 
'System.owner', 
'system$owner', 
'cd78acb5-ec06-400c-8556-9247f8d0a28b', 
'282e2e60-88a5-469d-84a5-ba8d9151644f', 
'id', 
'system$owner');
CREATE TABLE "mxmodelreflection$parameter_mxobjecttype" (
	"mxmodelreflection$parameterid" BIGINT NOT NULL,
	"mxmodelreflection$mxobjecttypeid" BIGINT NOT NULL,
	PRIMARY KEY("mxmodelreflection$parameterid","mxmodelreflection$mxobjecttypeid"),
	CONSTRAINT "uniq_mxmodelreflection$parameter_mxobjecttype_mxmodelreflection$parameterid" UNIQUE ("mxmodelreflection$parameterid"));
CREATE INDEX "idx_mxmodelreflection$parameter_mxobjecttype_mxmodelreflection$mxobjecttype_mxmodelreflection$parameter" ON "mxmodelreflection$parameter_mxobjecttype" ("mxmodelreflection$mxobjecttypeid" ASC,"mxmodelreflection$parameterid" ASC);
INSERT INTO "mendixsystem$association" ("id", 
"association_name", 
"table_name", 
"parent_entity_id", 
"child_entity_id", 
"parent_column_name", 
"child_column_name", 
"index_name")
 VALUES ('e7d6fc7d-26af-4c10-8b2b-e47369733189', 
'MxModelReflection.Parameter_MxObjectType', 
'mxmodelreflection$parameter_mxobjecttype', 
'cd78acb5-ec06-400c-8556-9247f8d0a28b', 
'72334281-4ae8-47be-82b2-48ae8a6b5778', 
'mxmodelreflection$parameterid', 
'mxmodelreflection$mxobjecttypeid', 
'idx_mxmodelreflection$parameter_mxobjecttype_mxmodelreflection$mxobjecttype_mxmodelreflection$parameter');
INSERT INTO "mendixsystem$unique_constraint" ("name", 
"table_id", 
"column_id")
 VALUES ('uniq_mxmodelreflection$parameter_mxobjecttype_mxmodelreflection$parameterid', 
'e7d6fc7d-26af-4c10-8b2b-e47369733189', 
'e9977eab-fbe1-3153-9318-d880e24530f2');
CREATE TABLE "mxmodelreflection$parameter_valuetype" (
	"mxmodelreflection$parameterid" BIGINT NOT NULL,
	"mxmodelreflection$valuetypeid" BIGINT NOT NULL,
	PRIMARY KEY("mxmodelreflection$parameterid","mxmodelreflection$valuetypeid"),
	CONSTRAINT "uniq_mxmodelreflection$parameter_valuetype_mxmodelreflection$parameterid" UNIQUE ("mxmodelreflection$parameterid"));
CREATE INDEX "idx_mxmodelreflection$parameter_valuetype_mxmodelreflection$valuetype_mxmodelreflection$parameter" ON "mxmodelreflection$parameter_valuetype" ("mxmodelreflection$valuetypeid" ASC,"mxmodelreflection$parameterid" ASC);
INSERT INTO "mendixsystem$association" ("id", 
"association_name", 
"table_name", 
"parent_entity_id", 
"child_entity_id", 
"parent_column_name", 
"child_column_name", 
"index_name")
 VALUES ('4ae1210e-42a6-403c-b16a-3583a7514f46', 
'MxModelReflection.Parameter_ValueType', 
'mxmodelreflection$parameter_valuetype', 
'cd78acb5-ec06-400c-8556-9247f8d0a28b', 
'815ca752-e066-4018-9d8c-2b481f21a9e9', 
'mxmodelreflection$parameterid', 
'mxmodelreflection$valuetypeid', 
'idx_mxmodelreflection$parameter_valuetype_mxmodelreflection$valuetype_mxmodelreflection$parameter');
INSERT INTO "mendixsystem$unique_constraint" ("name", 
"table_id", 
"column_id")
 VALUES ('uniq_mxmodelreflection$parameter_valuetype_mxmodelreflection$parameterid', 
'4ae1210e-42a6-403c-b16a-3583a7514f46', 
'514e1758-7ce3-3be0-ab14-2cee69b0cdbd');
CREATE TABLE "mxmodelreflection$token" (
	"id" BIGINT NOT NULL,
	"token" VARCHAR_IGNORECASE(50) NULL,
	"prefix" VARCHAR_IGNORECASE(3) NULL,
	"suffix" VARCHAR_IGNORECASE(3) NULL,
	"combinedtoken" VARCHAR_IGNORECASE(56) NULL,
	"description" VARCHAR_IGNORECASE(300) NULL,
	"metamodelpath" VARCHAR_IGNORECASE(1000) NULL,
	"tokentype" VARCHAR_IGNORECASE(9) NULL,
	"status" VARCHAR_IGNORECASE(7) NULL,
	"findobjectstart" VARCHAR_IGNORECASE(200) NULL,
	"findobjectreference" VARCHAR_IGNORECASE(200) NULL,
	"findreference" VARCHAR_IGNORECASE(200) NULL,
	"findmember" VARCHAR_IGNORECASE(200) NULL,
	"findmemberreference" VARCHAR_IGNORECASE(200) NULL,
	"isoptional" BOOLEAN NULL,
	"displaypattern" VARCHAR_IGNORECASE(50) NULL,
	"createddate" TIMESTAMP NULL,
	"changeddate" TIMESTAMP NULL,
	"system$changedby" BIGINT NULL,
	"system$owner" BIGINT NULL,
	PRIMARY KEY("id"));
CREATE INDEX "idx_mxmodelreflection$token_combinedtoken_asc" ON "mxmodelreflection$token" ("combinedtoken" ASC,"id" ASC);
CREATE INDEX "idx_mxmodelreflection$token_system$changedby" ON "mxmodelreflection$token" ("system$changedby" ASC,"id" ASC);
CREATE INDEX "idx_mxmodelreflection$token_system$owner" ON "mxmodelreflection$token" ("system$owner" ASC,"id" ASC);
INSERT INTO "mendixsystem$entity" ("id", 
"entity_name", 
"table_name", 
"remote", 
"remote_primary_key")
 VALUES ('94d3fcf6-9706-4500-b8d8-de792f864880', 
'MxModelReflection.Token', 
'mxmodelreflection$token', 
false, 
false);
INSERT INTO "mendixsystem$attribute" ("id", 
"entity_id", 
"attribute_name", 
"column_name", 
"type", 
"length", 
"default_value", 
"is_auto_number")
 VALUES ('52594e5b-91be-4ec3-8e71-d0f8d8959c23', 
'94d3fcf6-9706-4500-b8d8-de792f864880', 
'Token', 
'token', 
30, 
50, 
'', 
false);
INSERT INTO "mendixsystem$attribute" ("id", 
"entity_id", 
"attribute_name", 
"column_name", 
"type", 
"length", 
"default_value", 
"is_auto_number")
 VALUES ('020c32ec-9114-43a1-b1b1-910bad16000a', 
'94d3fcf6-9706-4500-b8d8-de792f864880', 
'Prefix', 
'prefix', 
30, 
3, 
'{%', 
false);
INSERT INTO "mendixsystem$attribute" ("id", 
"entity_id", 
"attribute_name", 
"column_name", 
"type", 
"length", 
"default_value", 
"is_auto_number")
 VALUES ('ffe6daa6-6489-4cc9-97b4-f957f7b1ee8f', 
'94d3fcf6-9706-4500-b8d8-de792f864880', 
'Suffix', 
'suffix', 
30, 
3, 
'%}', 
false);
INSERT INTO "mendixsystem$attribute" ("id", 
"entity_id", 
"attribute_name", 
"column_name", 
"type", 
"length", 
"default_value", 
"is_auto_number")
 VALUES ('f055bca0-2a6b-449d-ae88-13038ef664d5', 
'94d3fcf6-9706-4500-b8d8-de792f864880', 
'CombinedToken', 
'combinedtoken', 
30, 
56, 
'', 
false);
INSERT INTO "mendixsystem$attribute" ("id", 
"entity_id", 
"attribute_name", 
"column_name", 
"type", 
"length", 
"default_value", 
"is_auto_number")
 VALUES ('f7e48d24-ff14-4700-8a64-2c92cefdcc4e', 
'94d3fcf6-9706-4500-b8d8-de792f864880', 
'Description', 
'description', 
30, 
300, 
'', 
false);
INSERT INTO "mendixsystem$attribute" ("id", 
"entity_id", 
"attribute_name", 
"column_name", 
"type", 
"length", 
"default_value", 
"is_auto_number")
 VALUES ('635b1ff4-bb85-4b04-9b79-200df5bcca67', 
'94d3fcf6-9706-4500-b8d8-de792f864880', 
'MetaModelPath', 
'metamodelpath', 
30, 
1000, 
'', 
false);
INSERT INTO "mendixsystem$attribute" ("id", 
"entity_id", 
"attribute_name", 
"column_name", 
"type", 
"length", 
"default_value", 
"is_auto_number")
 VALUES ('c406dd38-9881-45a8-b414-80108dd4b39e', 
'94d3fcf6-9706-4500-b8d8-de792f864880', 
'TokenType', 
'tokentype', 
40, 
9, 
'', 
false);
INSERT INTO "mendixsystem$attribute" ("id", 
"entity_id", 
"attribute_name", 
"column_name", 
"type", 
"length", 
"default_value", 
"is_auto_number")
 VALUES ('dfa38775-b3e7-469d-80c3-4c74e8ef3e66', 
'94d3fcf6-9706-4500-b8d8-de792f864880', 
'Status', 
'status', 
40, 
7, 
'Invalid', 
false);
INSERT INTO "mendixsystem$attribute" ("id", 
"entity_id", 
"attribute_name", 
"column_name", 
"type", 
"length", 
"default_value", 
"is_auto_number")
 VALUES ('4ecf38c2-88d3-4990-926e-eae17431a9a7', 
'94d3fcf6-9706-4500-b8d8-de792f864880', 
'FindObjectStart', 
'findobjectstart', 
30, 
200, 
'', 
false);
INSERT INTO "mendixsystem$attribute" ("id", 
"entity_id", 
"attribute_name", 
"column_name", 
"type", 
"length", 
"default_value", 
"is_auto_number")
 VALUES ('2dcee96c-6591-4ac8-bdf8-18b777abde2f', 
'94d3fcf6-9706-4500-b8d8-de792f864880', 
'FindObjectReference', 
'findobjectreference', 
30, 
200, 
'', 
false);
INSERT INTO "mendixsystem$attribute" ("id", 
"entity_id", 
"attribute_name", 
"column_name", 
"type", 
"length", 
"default_value", 
"is_auto_number")
 VALUES ('9cb8b45e-1596-4bcf-a285-b3479bc6bac0', 
'94d3fcf6-9706-4500-b8d8-de792f864880', 
'FindReference', 
'findreference', 
30, 
200, 
'', 
false);
INSERT INTO "mendixsystem$attribute" ("id", 
"entity_id", 
"attribute_name", 
"column_name", 
"type", 
"length", 
"default_value", 
"is_auto_number")
 VALUES ('57287018-0f63-484c-9470-851952364e15', 
'94d3fcf6-9706-4500-b8d8-de792f864880', 
'FindMember', 
'findmember', 
30, 
200, 
'', 
false);
INSERT INTO "mendixsystem$attribute" ("id", 
"entity_id", 
"attribute_name", 
"column_name", 
"type", 
"length", 
"default_value", 
"is_auto_number")
 VALUES ('c40934c2-7cdd-47bf-b3b9-dc2b4bba1a86', 
'94d3fcf6-9706-4500-b8d8-de792f864880', 
'FindMemberReference', 
'findmemberreference', 
30, 
200, 
'', 
false);
INSERT INTO "mendixsystem$attribute" ("id", 
"entity_id", 
"attribute_name", 
"column_name", 
"type", 
"length", 
"default_value", 
"is_auto_number")
 VALUES ('c3b3ffb8-a8cc-4b24-8512-d9c51547c87a', 
'94d3fcf6-9706-4500-b8d8-de792f864880', 
'IsOptional', 
'isoptional', 
10, 
0, 
'false', 
false);
INSERT INTO "mendixsystem$attribute" ("id", 
"entity_id", 
"attribute_name", 
"column_name", 
"type", 
"length", 
"default_value", 
"is_auto_number")
 VALUES ('4307e2b1-2943-49e9-8fae-af4bc2cf0948', 
'94d3fcf6-9706-4500-b8d8-de792f864880', 
'DisplayPattern', 
'displaypattern', 
30, 
50, 
'', 
false);
INSERT INTO "mendixsystem$attribute" ("id", 
"entity_id", 
"attribute_name", 
"column_name", 
"type", 
"length", 
"default_value", 
"is_auto_number")
 VALUES ('1bd65302-888f-314d-895d-b9a3d614dbec', 
'94d3fcf6-9706-4500-b8d8-de792f864880', 
'createdDate', 
'createddate', 
20, 
0, 
'', 
false);
INSERT INTO "mendixsystem$attribute" ("id", 
"entity_id", 
"attribute_name", 
"column_name", 
"type", 
"length", 
"default_value", 
"is_auto_number")
 VALUES ('c75fecc7-a33a-3bb5-84f0-b46547f295b9', 
'94d3fcf6-9706-4500-b8d8-de792f864880', 
'changedDate', 
'changeddate', 
20, 
0, 
'', 
false);
INSERT INTO "mendixsystem$index" ("id", 
"table_id", 
"index_name")
 VALUES ('39c68895-362c-47c3-a098-b0171b4a9358', 
'94d3fcf6-9706-4500-b8d8-de792f864880', 
'idx_mxmodelreflection$token_combinedtoken_asc');
INSERT INTO "mendixsystem$index_column" ("index_id", 
"column_id", 
"sort_order", 
"ordinal")
 VALUES ('39c68895-362c-47c3-a098-b0171b4a9358', 
'f055bca0-2a6b-449d-ae88-13038ef664d5', 
false, 
0);
INSERT INTO "mendixsystem$index" ("id", 
"table_id", 
"index_name")
 VALUES ('92cd87a0-9e63-3edd-8352-7ebf2657f5ad', 
'94d3fcf6-9706-4500-b8d8-de792f864880', 
'idx_mxmodelreflection$token_system$changedby');
INSERT INTO "mendixsystem$index_column" ("index_id", 
"column_id", 
"sort_order", 
"ordinal")
 VALUES ('92cd87a0-9e63-3edd-8352-7ebf2657f5ad', 
'a1efc5df-f1a7-3e46-91b4-f41034239351', 
false, 
0);
INSERT INTO "mendixsystem$index" ("id", 
"table_id", 
"index_name")
 VALUES ('156a911f-782b-325b-83a0-fed5b08182d6', 
'94d3fcf6-9706-4500-b8d8-de792f864880', 
'idx_mxmodelreflection$token_system$owner');
INSERT INTO "mendixsystem$index_column" ("index_id", 
"column_id", 
"sort_order", 
"ordinal")
 VALUES ('156a911f-782b-325b-83a0-fed5b08182d6', 
'6b5c57d1-14c2-3e2b-a3aa-c87f001ede18', 
false, 
0);
INSERT INTO "mendixsystem$association" ("id", 
"association_name", 
"table_name", 
"parent_entity_id", 
"child_entity_id", 
"parent_column_name", 
"child_column_name")
 VALUES ('a1efc5df-f1a7-3e46-91b4-f41034239351', 
'System.changedBy', 
'system$changedby', 
'94d3fcf6-9706-4500-b8d8-de792f864880', 
'282e2e60-88a5-469d-84a5-ba8d9151644f', 
'id', 
'system$changedby');
INSERT INTO "mendixsystem$association" ("id", 
"association_name", 
"table_name", 
"parent_entity_id", 
"child_entity_id", 
"parent_column_name", 
"child_column_name")
 VALUES ('6b5c57d1-14c2-3e2b-a3aa-c87f001ede18', 
'System.owner', 
'system$owner', 
'94d3fcf6-9706-4500-b8d8-de792f864880', 
'282e2e60-88a5-469d-84a5-ba8d9151644f', 
'id', 
'system$owner');
CREATE TABLE "mxmodelreflection$token_mxobjecttype_start" (
	"mxmodelreflection$tokenid" BIGINT NOT NULL,
	"mxmodelreflection$mxobjecttypeid" BIGINT NOT NULL,
	PRIMARY KEY("mxmodelreflection$tokenid","mxmodelreflection$mxobjecttypeid"),
	CONSTRAINT "uniq_mxmodelreflection$token_mxobjecttype_start_mxmodelreflection$tokenid" UNIQUE ("mxmodelreflection$tokenid"));
CREATE INDEX "idx_mxmodelreflection$token_mxobjecttype_start_mxmodelreflection$mxobjecttype_mxmodelreflection$token" ON "mxmodelreflection$token_mxobjecttype_start" ("mxmodelreflection$mxobjecttypeid" ASC,"mxmodelreflection$tokenid" ASC);
INSERT INTO "mendixsystem$association" ("id", 
"association_name", 
"table_name", 
"parent_entity_id", 
"child_entity_id", 
"parent_column_name", 
"child_column_name", 
"index_name")
 VALUES ('e29291bb-ed51-4b49-aec6-ee358f35954e', 
'MxModelReflection.Token_MxObjectType_Start', 
'mxmodelreflection$token_mxobjecttype_start', 
'94d3fcf6-9706-4500-b8d8-de792f864880', 
'72334281-4ae8-47be-82b2-48ae8a6b5778', 
'mxmodelreflection$tokenid', 
'mxmodelreflection$mxobjecttypeid', 
'idx_mxmodelreflection$token_mxobjecttype_start_mxmodelreflection$mxobjecttype_mxmodelreflection$token');
INSERT INTO "mendixsystem$unique_constraint" ("name", 
"table_id", 
"column_id")
 VALUES ('uniq_mxmodelreflection$token_mxobjecttype_start_mxmodelreflection$tokenid', 
'e29291bb-ed51-4b49-aec6-ee358f35954e', 
'd43afa64-8c9b-3d5c-90e9-2fb8f2aa47b8');
CREATE TABLE "mxmodelreflection$token_mxobjectreference" (
	"mxmodelreflection$tokenid" BIGINT NOT NULL,
	"mxmodelreflection$mxobjectreferenceid" BIGINT NOT NULL,
	PRIMARY KEY("mxmodelreflection$tokenid","mxmodelreflection$mxobjectreferenceid"),
	CONSTRAINT "uniq_mxmodelreflection$token_mxobjectreference_mxmodelreflection$tokenid" UNIQUE ("mxmodelreflection$tokenid"));
CREATE INDEX "idx_mxmodelreflection$token_mxobjectreference_mxmodelreflection$mxobjectreference_mxmodelreflection$token" ON "mxmodelreflection$token_mxobjectreference" ("mxmodelreflection$mxobjectreferenceid" ASC,"mxmodelreflection$tokenid" ASC);
INSERT INTO "mendixsystem$association" ("id", 
"association_name", 
"table_name", 
"parent_entity_id", 
"child_entity_id", 
"parent_column_name", 
"child_column_name", 
"index_name")
 VALUES ('1e8f06fe-a526-4004-b5e6-0b4bfeb3b2b8', 
'MxModelReflection.Token_MxObjectReference', 
'mxmodelreflection$token_mxobjectreference', 
'94d3fcf6-9706-4500-b8d8-de792f864880', 
'4f4960af-9b7e-424d-bb17-f25f46626376', 
'mxmodelreflection$tokenid', 
'mxmodelreflection$mxobjectreferenceid', 
'idx_mxmodelreflection$token_mxobjectreference_mxmodelreflection$mxobjectreference_mxmodelreflection$token');
INSERT INTO "mendixsystem$unique_constraint" ("name", 
"table_id", 
"column_id")
 VALUES ('uniq_mxmodelreflection$token_mxobjectreference_mxmodelreflection$tokenid', 
'1e8f06fe-a526-4004-b5e6-0b4bfeb3b2b8', 
'fe9f2531-abc9-3e0c-9808-0eec4a3fbad8');
CREATE TABLE "mxmodelreflection$token_mxobjecttype_referenced" (
	"mxmodelreflection$tokenid" BIGINT NOT NULL,
	"mxmodelreflection$mxobjecttypeid" BIGINT NOT NULL,
	PRIMARY KEY("mxmodelreflection$tokenid","mxmodelreflection$mxobjecttypeid"),
	CONSTRAINT "uniq_mxmodelreflection$token_mxobjecttype_referenced_mxmodelreflection$tokenid" UNIQUE ("mxmodelreflection$tokenid"));
CREATE INDEX "idx_mxmodelreflection$token_mxobjecttype_referenced_mxmodelreflection$mxobjecttype_mxmodelreflection$token" ON "mxmodelreflection$token_mxobjecttype_referenced" ("mxmodelreflection$mxobjecttypeid" ASC,"mxmodelreflection$tokenid" ASC);
INSERT INTO "mendixsystem$association" ("id", 
"association_name", 
"table_name", 
"parent_entity_id", 
"child_entity_id", 
"parent_column_name", 
"child_column_name", 
"index_name")
 VALUES ('66cbe454-d26a-4cb6-ad1a-70d2c0e55a0e', 
'MxModelReflection.Token_MxObjectType_Referenced', 
'mxmodelreflection$token_mxobjecttype_referenced', 
'94d3fcf6-9706-4500-b8d8-de792f864880', 
'72334281-4ae8-47be-82b2-48ae8a6b5778', 
'mxmodelreflection$tokenid', 
'mxmodelreflection$mxobjecttypeid', 
'idx_mxmodelreflection$token_mxobjecttype_referenced_mxmodelreflection$mxobjecttype_mxmodelreflection$token');
INSERT INTO "mendixsystem$unique_constraint" ("name", 
"table_id", 
"column_id")
 VALUES ('uniq_mxmodelreflection$token_mxobjecttype_referenced_mxmodelreflection$tokenid', 
'66cbe454-d26a-4cb6-ad1a-70d2c0e55a0e', 
'd8be0ec3-dc88-3f71-ba5c-19044f7597c7');
CREATE TABLE "mxmodelreflection$token_mxobjectmember" (
	"mxmodelreflection$tokenid" BIGINT NOT NULL,
	"mxmodelreflection$mxobjectmemberid" BIGINT NOT NULL,
	PRIMARY KEY("mxmodelreflection$tokenid","mxmodelreflection$mxobjectmemberid"),
	CONSTRAINT "uniq_mxmodelreflection$token_mxobjectmember_mxmodelreflection$tokenid" UNIQUE ("mxmodelreflection$tokenid"));
CREATE INDEX "idx_mxmodelreflection$token_mxobjectmember_mxmodelreflection$mxobjectmember_mxmodelreflection$token" ON "mxmodelreflection$token_mxobjectmember" ("mxmodelreflection$mxobjectmemberid" ASC,"mxmodelreflection$tokenid" ASC);
INSERT INTO "mendixsystem$association" ("id", 
"association_name", 
"table_name", 
"parent_entity_id", 
"child_entity_id", 
"parent_column_name", 
"child_column_name", 
"index_name")
 VALUES ('109f604e-ec1d-40b6-8941-1ba14807316c', 
'MxModelReflection.Token_MxObjectMember', 
'mxmodelreflection$token_mxobjectmember', 
'94d3fcf6-9706-4500-b8d8-de792f864880', 
'5456b75f-8f00-4b07-a417-75fdaa8a4a13', 
'mxmodelreflection$tokenid', 
'mxmodelreflection$mxobjectmemberid', 
'idx_mxmodelreflection$token_mxobjectmember_mxmodelreflection$mxobjectmember_mxmodelreflection$token');
INSERT INTO "mendixsystem$unique_constraint" ("name", 
"table_id", 
"column_id")
 VALUES ('uniq_mxmodelreflection$token_mxobjectmember_mxmodelreflection$tokenid', 
'109f604e-ec1d-40b6-8941-1ba14807316c', 
'd0a3c879-4dd5-31e3-88e6-5e5eb3b04e68');
CREATE TABLE "emailtemplate$emaillog" (
	"id" BIGINT NOT NULL,
	"created" TIMESTAMP NULL,
	"logtype" VARCHAR_IGNORECASE(7) NULL,
	"message" VARCHAR_IGNORECASE(2147483647) NULL,
	"errormessage" VARCHAR_IGNORECASE(2147483647) NULL,
	"triggeredinmf" VARCHAR_IGNORECASE(200) NULL,
	"stacktrace" VARCHAR_IGNORECASE(2147483647) NULL,
	PRIMARY KEY("id"));
CREATE INDEX "idx_emailtemplate$emaillog_created_asc" ON "emailtemplate$emaillog" ("created" ASC,"id" ASC);
INSERT INTO "mendixsystem$entity" ("id", 
"entity_name", 
"table_name", 
"remote", 
"remote_primary_key")
 VALUES ('2e493c17-fa77-4038-a646-4a7ed019252b', 
'EmailTemplate.EmailLog', 
'emailtemplate$emaillog', 
false, 
false);
INSERT INTO "mendixsystem$attribute" ("id", 
"entity_id", 
"attribute_name", 
"column_name", 
"type", 
"length", 
"default_value", 
"is_auto_number")
 VALUES ('96ebba6d-babc-4079-aa96-c7575b1e9b49', 
'2e493c17-fa77-4038-a646-4a7ed019252b', 
'Created', 
'created', 
20, 
0, 
'', 
false);
INSERT INTO "mendixsystem$attribute" ("id", 
"entity_id", 
"attribute_name", 
"column_name", 
"type", 
"length", 
"default_value", 
"is_auto_number")
 VALUES ('ae86072d-55aa-4594-990e-4051dd4f6a68', 
'2e493c17-fa77-4038-a646-4a7ed019252b', 
'Logtype', 
'logtype', 
40, 
7, 
'', 
false);
INSERT INTO "mendixsystem$attribute" ("id", 
"entity_id", 
"attribute_name", 
"column_name", 
"type", 
"length", 
"default_value", 
"is_auto_number")
 VALUES ('73a82ea4-629c-407b-b8ee-aeaad93e5602', 
'2e493c17-fa77-4038-a646-4a7ed019252b', 
'Message', 
'message', 
30, 
0, 
'', 
false);
INSERT INTO "mendixsystem$attribute" ("id", 
"entity_id", 
"attribute_name", 
"column_name", 
"type", 
"length", 
"default_value", 
"is_auto_number")
 VALUES ('65ba3975-d9b3-4847-a25a-f6fa53b19f16', 
'2e493c17-fa77-4038-a646-4a7ed019252b', 
'ErrorMessage', 
'errormessage', 
30, 
0, 
'', 
false);
INSERT INTO "mendixsystem$attribute" ("id", 
"entity_id", 
"attribute_name", 
"column_name", 
"type", 
"length", 
"default_value", 
"is_auto_number")
 VALUES ('f3f9ad4a-3e55-4b87-88ef-4b7ba15f6ec0', 
'2e493c17-fa77-4038-a646-4a7ed019252b', 
'TriggeredInMF', 
'triggeredinmf', 
30, 
200, 
'', 
false);
INSERT INTO "mendixsystem$attribute" ("id", 
"entity_id", 
"attribute_name", 
"column_name", 
"type", 
"length", 
"default_value", 
"is_auto_number")
 VALUES ('96b8d6fa-028d-4fae-a985-cc10cd4f4b5f', 
'2e493c17-fa77-4038-a646-4a7ed019252b', 
'StackTrace', 
'stacktrace', 
30, 
0, 
'', 
false);
INSERT INTO "mendixsystem$index" ("id", 
"table_id", 
"index_name")
 VALUES ('f8065f9b-e378-477b-9938-7c79bff1f4a0', 
'2e493c17-fa77-4038-a646-4a7ed019252b', 
'idx_emailtemplate$emaillog_created_asc');
INSERT INTO "mendixsystem$index_column" ("index_id", 
"column_id", 
"sort_order", 
"ordinal")
 VALUES ('f8065f9b-e378-477b-9938-7c79bff1f4a0', 
'96ebba6d-babc-4079-aa96-c7575b1e9b49', 
false, 
0);
CREATE TABLE "mxmodelreflection$mxobjectenumcaptions" (
	"id" BIGINT NOT NULL,
	"caption" VARCHAR_IGNORECASE(200) NULL,
	"languagecode" VARCHAR_IGNORECASE(8) NULL,
	"languagename" VARCHAR_IGNORECASE(200) NULL,
	"createddate" TIMESTAMP NULL,
	"changeddate" TIMESTAMP NULL,
	"system$owner" BIGINT NULL,
	"system$changedby" BIGINT NULL,
	PRIMARY KEY("id"));
CREATE INDEX "idx_mxmodelreflection$mxobjectenumcaptions_system$owner" ON "mxmodelreflection$mxobjectenumcaptions" ("system$owner" ASC,"id" ASC);
CREATE INDEX "idx_mxmodelreflection$mxobjectenumcaptions_system$changedby" ON "mxmodelreflection$mxobjectenumcaptions" ("system$changedby" ASC,"id" ASC);
INSERT INTO "mendixsystem$entity" ("id", 
"entity_name", 
"table_name", 
"remote", 
"remote_primary_key")
 VALUES ('6f2b5f50-8548-4a42-916c-049c06a21b25', 
'MxModelReflection.MxObjectEnumCaptions', 
'mxmodelreflection$mxobjectenumcaptions', 
false, 
false);
INSERT INTO "mendixsystem$attribute" ("id", 
"entity_id", 
"attribute_name", 
"column_name", 
"type", 
"length", 
"default_value", 
"is_auto_number")
 VALUES ('902ffd95-b5ab-4647-ac7b-2bbcaf9f8843', 
'6f2b5f50-8548-4a42-916c-049c06a21b25', 
'Caption', 
'caption', 
30, 
200, 
'', 
false);
INSERT INTO "mendixsystem$attribute" ("id", 
"entity_id", 
"attribute_name", 
"column_name", 
"type", 
"length", 
"default_value", 
"is_auto_number")
 VALUES ('878bb01f-4fb7-4b8f-92f0-40b0244ccc73', 
'6f2b5f50-8548-4a42-916c-049c06a21b25', 
'LanguageCode', 
'languagecode', 
30, 
8, 
'', 
false);
INSERT INTO "mendixsystem$attribute" ("id", 
"entity_id", 
"attribute_name", 
"column_name", 
"type", 
"length", 
"default_value", 
"is_auto_number")
 VALUES ('29970f5e-9b1c-4ef9-b6f5-442c71cc31f2', 
'6f2b5f50-8548-4a42-916c-049c06a21b25', 
'LanguageName', 
'languagename', 
30, 
200, 
'', 
false);
INSERT INTO "mendixsystem$attribute" ("id", 
"entity_id", 
"attribute_name", 
"column_name", 
"type", 
"length", 
"default_value", 
"is_auto_number")
 VALUES ('0a646652-b8e4-34d1-aea8-d13f94bb9879', 
'6f2b5f50-8548-4a42-916c-049c06a21b25', 
'createdDate', 
'createddate', 
20, 
0, 
'', 
false);
INSERT INTO "mendixsystem$attribute" ("id", 
"entity_id", 
"attribute_name", 
"column_name", 
"type", 
"length", 
"default_value", 
"is_auto_number")
 VALUES ('7018cab1-8a2d-3ba8-9482-f7561700a202', 
'6f2b5f50-8548-4a42-916c-049c06a21b25', 
'changedDate', 
'changeddate', 
20, 
0, 
'', 
false);
INSERT INTO "mendixsystem$index" ("id", 
"table_id", 
"index_name")
 VALUES ('7e2b5d43-c136-3a81-9f27-2f3474042d90', 
'6f2b5f50-8548-4a42-916c-049c06a21b25', 
'idx_mxmodelreflection$mxobjectenumcaptions_system$owner');
INSERT INTO "mendixsystem$index_column" ("index_id", 
"column_id", 
"sort_order", 
"ordinal")
 VALUES ('7e2b5d43-c136-3a81-9f27-2f3474042d90', 
'3b55724f-f611-3f3d-bf8c-e988747d2d16', 
false, 
0);
INSERT INTO "mendixsystem$index" ("id", 
"table_id", 
"index_name")
 VALUES ('ae1feefa-fe45-39a7-aed5-e9bfd68aab3e', 
'6f2b5f50-8548-4a42-916c-049c06a21b25', 
'idx_mxmodelreflection$mxobjectenumcaptions_system$changedby');
INSERT INTO "mendixsystem$index_column" ("index_id", 
"column_id", 
"sort_order", 
"ordinal")
 VALUES ('ae1feefa-fe45-39a7-aed5-e9bfd68aab3e', 
'ccef2416-4d5b-33dc-bf7b-3ccfab28087a', 
false, 
0);
INSERT INTO "mendixsystem$association" ("id", 
"association_name", 
"table_name", 
"parent_entity_id", 
"child_entity_id", 
"parent_column_name", 
"child_column_name")
 VALUES ('3b55724f-f611-3f3d-bf8c-e988747d2d16', 
'System.owner', 
'system$owner', 
'6f2b5f50-8548-4a42-916c-049c06a21b25', 
'282e2e60-88a5-469d-84a5-ba8d9151644f', 
'id', 
'system$owner');
INSERT INTO "mendixsystem$association" ("id", 
"association_name", 
"table_name", 
"parent_entity_id", 
"child_entity_id", 
"parent_column_name", 
"child_column_name")
 VALUES ('ccef2416-4d5b-33dc-bf7b-3ccfab28087a', 
'System.changedBy', 
'system$changedby', 
'6f2b5f50-8548-4a42-916c-049c06a21b25', 
'282e2e60-88a5-469d-84a5-ba8d9151644f', 
'id', 
'system$changedby');
CREATE TABLE "emailtemplate$attachment" (
	"id" BIGINT NOT NULL,
	PRIMARY KEY("id"));
INSERT INTO "mendixsystem$entity" ("id", 
"entity_name", 
"table_name", 
"superentity_id", 
"remote", 
"remote_primary_key")
 VALUES ('5d5b6f7e-2d09-4799-baa2-dcfff7a95321', 
'EmailTemplate.Attachment', 
'emailtemplate$attachment', 
'170ce49d-f29c-4fac-99a6-b55e8a3aeb39', 
false, 
false);
CREATE TABLE "emailtemplate$attachment_email" (
	"emailtemplate$attachmentid" BIGINT NOT NULL,
	"emailtemplate$emailid" BIGINT NOT NULL,
	PRIMARY KEY("emailtemplate$attachmentid","emailtemplate$emailid"),
	CONSTRAINT "uniq_emailtemplate$attachment_email_emailtemplate$attachmentid" UNIQUE ("emailtemplate$attachmentid"));
CREATE INDEX "idx_emailtemplate$attachment_email_emailtemplate$email_emailtemplate$attachment" ON "emailtemplate$attachment_email" ("emailtemplate$emailid" ASC,"emailtemplate$attachmentid" ASC);
INSERT INTO "mendixsystem$association" ("id", 
"association_name", 
"table_name", 
"parent_entity_id", 
"child_entity_id", 
"parent_column_name", 
"child_column_name", 
"index_name")
 VALUES ('8e8b99db-1498-4fc0-95a3-4721a29c462a', 
'EmailTemplate.Attachment_Email', 
'emailtemplate$attachment_email', 
'5d5b6f7e-2d09-4799-baa2-dcfff7a95321', 
'42722a60-a219-4441-bdc5-8e3dc543e352', 
'emailtemplate$attachmentid', 
'emailtemplate$emailid', 
'idx_emailtemplate$attachment_email_emailtemplate$email_emailtemplate$attachment');
INSERT INTO "mendixsystem$unique_constraint" ("name", 
"table_id", 
"column_id")
 VALUES ('uniq_emailtemplate$attachment_email_emailtemplate$attachmentid', 
'8e8b99db-1498-4fc0-95a3-4721a29c462a', 
'4f90e69d-c56a-3860-9933-c448a8f773f4');
CREATE TABLE "emailtemplate$attachment_emailtemplate" (
	"emailtemplate$attachmentid" BIGINT NOT NULL,
	"emailtemplate$emailtemplateid" BIGINT NOT NULL,
	PRIMARY KEY("emailtemplate$attachmentid","emailtemplate$emailtemplateid"),
	CONSTRAINT "uniq_emailtemplate$attachment_emailtemplate_emailtemplate$attachmentid" UNIQUE ("emailtemplate$attachmentid"));
CREATE INDEX "idx_emailtemplate$attachment_emailtemplate_emailtemplate$emailtemplate_emailtemplate$attachment" ON "emailtemplate$attachment_emailtemplate" ("emailtemplate$emailtemplateid" ASC,"emailtemplate$attachmentid" ASC);
INSERT INTO "mendixsystem$association" ("id", 
"association_name", 
"table_name", 
"parent_entity_id", 
"child_entity_id", 
"parent_column_name", 
"child_column_name", 
"index_name")
 VALUES ('c9281fa3-5b3d-4918-a274-5c1574f80e3e', 
'EmailTemplate.Attachment_EmailTemplate', 
'emailtemplate$attachment_emailtemplate', 
'5d5b6f7e-2d09-4799-baa2-dcfff7a95321', 
'bd48fee3-bacd-4423-9a73-1a92ccddda16', 
'emailtemplate$attachmentid', 
'emailtemplate$emailtemplateid', 
'idx_emailtemplate$attachment_emailtemplate_emailtemplate$emailtemplate_emailtemplate$attachment');
INSERT INTO "mendixsystem$unique_constraint" ("name", 
"table_id", 
"column_id")
 VALUES ('uniq_emailtemplate$attachment_emailtemplate_emailtemplate$attachmentid', 
'c9281fa3-5b3d-4918-a274-5c1574f80e3e', 
'64dd1287-4f0f-3fa4-86bc-3edb0de02483');
CREATE TABLE "mxmodelreflection$module" (
	"id" BIGINT NOT NULL,
	"modulename" VARCHAR_IGNORECASE(200) NULL,
	"synchronizeobjectswithinmodule" BOOLEAN NULL,
	PRIMARY KEY("id"));
INSERT INTO "mendixsystem$entity" ("id", 
"entity_name", 
"table_name", 
"remote", 
"remote_primary_key")
 VALUES ('8a316e43-381b-4833-943b-8e98d82718c6', 
'MxModelReflection.Module', 
'mxmodelreflection$module', 
false, 
false);
INSERT INTO "mendixsystem$attribute" ("id", 
"entity_id", 
"attribute_name", 
"column_name", 
"type", 
"length", 
"default_value", 
"is_auto_number")
 VALUES ('01d6609f-272e-4821-8470-3ac4d4c24ff1', 
'8a316e43-381b-4833-943b-8e98d82718c6', 
'ModuleName', 
'modulename', 
30, 
200, 
'', 
false);
INSERT INTO "mendixsystem$attribute" ("id", 
"entity_id", 
"attribute_name", 
"column_name", 
"type", 
"length", 
"default_value", 
"is_auto_number")
 VALUES ('a339fb1c-0ea9-46c4-bf47-761d7cfd1228', 
'8a316e43-381b-4833-943b-8e98d82718c6', 
'SynchronizeObjectsWithinModule', 
'synchronizeobjectswithinmodule', 
10, 
0, 
'false', 
false);
CREATE TABLE "mxmodelreflection$mxobjecttype" (
	"id" BIGINT NOT NULL,
	"completename" VARCHAR_IGNORECASE(200) NULL,
	"name" VARCHAR_IGNORECASE(200) NULL,
	"module" VARCHAR_IGNORECASE(200) NULL,
	"readablename" VARCHAR_IGNORECASE(400) NULL,
	"persistencetype" VARCHAR_IGNORECASE(14) NULL,
	"createddate" TIMESTAMP NULL,
	"changeddate" TIMESTAMP NULL,
	"system$owner" BIGINT NULL,
	"system$changedby" BIGINT NULL,
	PRIMARY KEY("id"));
CREATE INDEX "idx_mxmodelreflection$mxobjecttype_system$owner" ON "mxmodelreflection$mxobjecttype" ("system$owner" ASC,"id" ASC);
CREATE INDEX "idx_mxmodelreflection$mxobjecttype_system$changedby" ON "mxmodelreflection$mxobjecttype" ("system$changedby" ASC,"id" ASC);
INSERT INTO "mendixsystem$entity" ("id", 
"entity_name", 
"table_name", 
"remote", 
"remote_primary_key")
 VALUES ('72334281-4ae8-47be-82b2-48ae8a6b5778', 
'MxModelReflection.MxObjectType', 
'mxmodelreflection$mxobjecttype', 
false, 
false);
INSERT INTO "mendixsystem$attribute" ("id", 
"entity_id", 
"attribute_name", 
"column_name", 
"type", 
"length", 
"default_value", 
"is_auto_number")
 VALUES ('2732aeda-0327-4d17-b537-31996ae7aba1', 
'72334281-4ae8-47be-82b2-48ae8a6b5778', 
'CompleteName', 
'completename', 
30, 
200, 
'', 
false);
INSERT INTO "mendixsystem$attribute" ("id", 
"entity_id", 
"attribute_name", 
"column_name", 
"type", 
"length", 
"default_value", 
"is_auto_number")
 VALUES ('801d9fce-5b4a-4deb-98e9-3ba18818115f', 
'72334281-4ae8-47be-82b2-48ae8a6b5778', 
'Name', 
'name', 
30, 
200, 
'', 
false);
INSERT INTO "mendixsystem$attribute" ("id", 
"entity_id", 
"attribute_name", 
"column_name", 
"type", 
"length", 
"default_value", 
"is_auto_number")
 VALUES ('2d3520c1-3ebe-40eb-b429-806b188f8c2e', 
'72334281-4ae8-47be-82b2-48ae8a6b5778', 
'Module', 
'module', 
30, 
200, 
'', 
false);
INSERT INTO "mendixsystem$attribute" ("id", 
"entity_id", 
"attribute_name", 
"column_name", 
"type", 
"length", 
"default_value", 
"is_auto_number")
 VALUES ('ed3ba771-ed5c-4fb0-93d9-ce7dc08c5861', 
'72334281-4ae8-47be-82b2-48ae8a6b5778', 
'ReadableName', 
'readablename', 
30, 
400, 
'', 
false);
INSERT INTO "mendixsystem$attribute" ("id", 
"entity_id", 
"attribute_name", 
"column_name", 
"type", 
"length", 
"default_value", 
"is_auto_number")
 VALUES ('3c0323ad-4435-4293-b9dd-2ee1dafabd89', 
'72334281-4ae8-47be-82b2-48ae8a6b5778', 
'PersistenceType', 
'persistencetype', 
40, 
14, 
'Persistable', 
false);
INSERT INTO "mendixsystem$attribute" ("id", 
"entity_id", 
"attribute_name", 
"column_name", 
"type", 
"length", 
"default_value", 
"is_auto_number")
 VALUES ('63dfce00-8069-3f95-bcb9-ad40b71a829e', 
'72334281-4ae8-47be-82b2-48ae8a6b5778', 
'createdDate', 
'createddate', 
20, 
0, 
'', 
false);
INSERT INTO "mendixsystem$attribute" ("id", 
"entity_id", 
"attribute_name", 
"column_name", 
"type", 
"length", 
"default_value", 
"is_auto_number")
 VALUES ('d4cf7c80-4533-356c-bd18-23afffd2c0ae', 
'72334281-4ae8-47be-82b2-48ae8a6b5778', 
'changedDate', 
'changeddate', 
20, 
0, 
'', 
false);
INSERT INTO "mendixsystem$index" ("id", 
"table_id", 
"index_name")
 VALUES ('34b4d189-9813-3f48-838e-0e15ac06bda9', 
'72334281-4ae8-47be-82b2-48ae8a6b5778', 
'idx_mxmodelreflection$mxobjecttype_system$owner');
INSERT INTO "mendixsystem$index_column" ("index_id", 
"column_id", 
"sort_order", 
"ordinal")
 VALUES ('34b4d189-9813-3f48-838e-0e15ac06bda9', 
'b6afd9f1-7cd4-32ef-8e06-4fd360662ef6', 
false, 
0);
INSERT INTO "mendixsystem$index" ("id", 
"table_id", 
"index_name")
 VALUES ('3f82e833-6619-3323-8e38-bf11ed49b2fb', 
'72334281-4ae8-47be-82b2-48ae8a6b5778', 
'idx_mxmodelreflection$mxobjecttype_system$changedby');
INSERT INTO "mendixsystem$index_column" ("index_id", 
"column_id", 
"sort_order", 
"ordinal")
 VALUES ('3f82e833-6619-3323-8e38-bf11ed49b2fb', 
'01f4e83b-5dfc-31e3-abee-1f973a9c9a1c', 
false, 
0);
INSERT INTO "mendixsystem$association" ("id", 
"association_name", 
"table_name", 
"parent_entity_id", 
"child_entity_id", 
"parent_column_name", 
"child_column_name")
 VALUES ('b6afd9f1-7cd4-32ef-8e06-4fd360662ef6', 
'System.owner', 
'system$owner', 
'72334281-4ae8-47be-82b2-48ae8a6b5778', 
'282e2e60-88a5-469d-84a5-ba8d9151644f', 
'id', 
'system$owner');
INSERT INTO "mendixsystem$association" ("id", 
"association_name", 
"table_name", 
"parent_entity_id", 
"child_entity_id", 
"parent_column_name", 
"child_column_name")
 VALUES ('01f4e83b-5dfc-31e3-abee-1f973a9c9a1c', 
'System.changedBy', 
'system$changedby', 
'72334281-4ae8-47be-82b2-48ae8a6b5778', 
'282e2e60-88a5-469d-84a5-ba8d9151644f', 
'id', 
'system$changedby');
CREATE TABLE "mxmodelreflection$mxobjecttype_subclassof_mxobjecttype" (
	"mxmodelreflection$mxobjecttypeid1" BIGINT NOT NULL,
	"mxmodelreflection$mxobjecttypeid2" BIGINT NOT NULL,
	PRIMARY KEY("mxmodelreflection$mxobjecttypeid1","mxmodelreflection$mxobjecttypeid2"));
CREATE INDEX "idx_mxmodelreflection$mxobjecttype_subclassof_mxobjecttype_mxmodelreflection$mxobjecttype_mxmodelreflection$mxobjecttype" ON "mxmodelreflection$mxobjecttype_subclassof_mxobjecttype" ("mxmodelreflection$mxobjecttypeid2" ASC,"mxmodelreflection$mxobjecttypeid1" ASC);
INSERT INTO "mendixsystem$association" ("id", 
"association_name", 
"table_name", 
"parent_entity_id", 
"child_entity_id", 
"parent_column_name", 
"child_column_name", 
"index_name")
 VALUES ('d0f6a5dd-5321-4539-9821-c054caf3d379', 
'MxModelReflection.MxObjectType_SubClassOf_MxObjectType', 
'mxmodelreflection$mxobjecttype_subclassof_mxobjecttype', 
'72334281-4ae8-47be-82b2-48ae8a6b5778', 
'72334281-4ae8-47be-82b2-48ae8a6b5778', 
'mxmodelreflection$mxobjecttypeid1', 
'mxmodelreflection$mxobjecttypeid2', 
'idx_mxmodelreflection$mxobjecttype_subclassof_mxobjecttype_mxmodelreflection$mxobjecttype_mxmodelreflection$mxobjecttype');
CREATE TABLE "mxmodelreflection$mxobjecttype_module" (
	"mxmodelreflection$mxobjecttypeid" BIGINT NOT NULL,
	"mxmodelreflection$moduleid" BIGINT NOT NULL,
	PRIMARY KEY("mxmodelreflection$mxobjecttypeid","mxmodelreflection$moduleid"),
	CONSTRAINT "uniq_mxmodelreflection$mxobjecttype_module_mxmodelreflection$mxobjecttypeid" UNIQUE ("mxmodelreflection$mxobjecttypeid"));
CREATE INDEX "idx_mxmodelreflection$mxobjecttype_module_mxmodelreflection$module_mxmodelreflection$mxobjecttype" ON "mxmodelreflection$mxobjecttype_module" ("mxmodelreflection$moduleid" ASC,"mxmodelreflection$mxobjecttypeid" ASC);
INSERT INTO "mendixsystem$association" ("id", 
"association_name", 
"table_name", 
"parent_entity_id", 
"child_entity_id", 
"parent_column_name", 
"child_column_name", 
"index_name")
 VALUES ('851dd7c3-8709-4fbd-8fae-66518d87c202', 
'MxModelReflection.MxObjectType_Module', 
'mxmodelreflection$mxobjecttype_module', 
'72334281-4ae8-47be-82b2-48ae8a6b5778', 
'8a316e43-381b-4833-943b-8e98d82718c6', 
'mxmodelreflection$mxobjecttypeid', 
'mxmodelreflection$moduleid', 
'idx_mxmodelreflection$mxobjecttype_module_mxmodelreflection$module_mxmodelreflection$mxobjecttype');
INSERT INTO "mendixsystem$unique_constraint" ("name", 
"table_id", 
"column_id")
 VALUES ('uniq_mxmodelreflection$mxobjecttype_module_mxmodelreflection$mxobjecttypeid', 
'851dd7c3-8709-4fbd-8fae-66518d87c202', 
'e972cbc1-1ddc-30d4-9610-dbfce4d93ff4');
UPDATE "mendixsystem$version"
 SET "versionnumber" = '4.2', 
"lastsyncdate" = '20220201 09:45:45';
